no	kind	page	where	issue	evidence	confidence	status	action
1	原典の誤字	p.1・p.2	Ⅰ-2(1)地域の目指すべき森林資源の姿の「生物多様性保全機能」(p.1)(ダッシュボードの目指す森林タブ「目指すべき森林資源の姿」aims の生物多様性保全機能にも「畦畔林」のまま掲載)	p.1は「畦畔林」、p.2の同じ言い回しは「渓畔林」で、表記が揃わない。「陸域・水域にまたがり」という文脈とp.2の記述から「渓畔林」と考えられるが、「畦畔林」も実在する語なので、念のため判断を仰ぐ。	p.1「陸域・水域にまたがり特有の生物が生育・生息する畦畔林など。」。p.2「陸域・水域にまたがり特有の生物が生育・生息する渓畔林などの属地的に機能の発揮が求められる森林」	中	未判断	
2	原典の誤字	p.3	Ⅱ第1-1 樹種別の立木の標準伐期齢の表題(ダッシュボードの伐採と育成タブ table「樹種別の立木の標準伐期齢（年）」は直した表記で掲載済み)	表題の「機種別の立木の標準伐期齢」は「樹種別」の誤り。正しい表記は一つに決まる。	見出し「１ 樹種別の立木の標準伐期齢」、本文「樹種別の立木の標準伐期齢について次のとおり定める。」、表題「機種別の立木の標準伐期齢」	高	ダッシュボードで対応	起票時に「樹種別」と直して掲載
3	原典の誤字	p.4	Ⅱ第1-2 立木を伐採する際の留意事項のエ(ダッシュボードの伐採と育成タブ「立木を伐採するときの留意点」bullets の4つ目は「風致の維持のため、」と言葉を補って掲載)	「林地の保全、雪崩、落石等の防止、風害等の各種被害の防止、風致の維持、及び渓流周辺や尾根筋等に保護樹帯を設置する。」は、保護樹帯を置く目的を示す語が抜けていて文がつながらない。補い方は「風致の維持のため、」「風致の維持等のため、必要に応じて」など複数あり、正しい表記は一つに決まらない。	p.4 エの原文は上記のとおり。ア〜ウ・オはいずれも文として完結している	中	未判断	
4	原典の誤字	p.4・p.5	Ⅱ第2-1(2)ア 植栽本数の表の表題(ダッシュボードの伐採と育成タブ table「人工造林の樹種別及び仕立ての方法別の植栽本数」は直した表記で掲載済み)	p.5の表題「人工造林の樹種別及び仕立ての別の植栽本数」は「方法」が抜けている。p.4の見出しの「仕立ての方法別」に揃えるのが自然で、正しい表記は一つに決まる。	p.4見出し「ア 人工造林の樹種別及び仕立ての方法別の植栽本数」。p.5表題「人工造林の樹種別及び仕立ての別の植栽本数」	高	ダッシュボードで対応	起票時に「仕立ての方法別」と直して掲載
5	原典の食い違い	p.6・p.7	Ⅱ第2-2(2) 天然更新の期待成立本数と、準用する滋賀県天然更新完了基準(ダッシュボードの伐採と育成タブ「自然の力で更新する」narrative と table「滋賀県天然更新完了基準」)	本文の判定方法(期待成立本数の10分の3以上、草丈以上)で計算した本数と、準用するとしている完了基準の本数・高さが揃わない。「概ね」の範囲の差とも読めるので、程度は小さい。	p.6 期待成立本数「概ね８，５００本／ha を標準」、判定は「10 分の 3 を乗じた本数以上（ただし、草丈以上のものに限る。）」→ 8,500×3/10＝2,550本/ha。p.7 完了基準は湖南地域森林計画区「２５００本／ha 以上」、後継樹は「樹高がおおむね 1.5ｍ以上」	低	原典どおり掲載	注記はしない(確信度が「低」で、食い違いも計算(8,500×3/10)しないと分からない)。町への一式の提供に含める(2026-10-11、依頼者の基準による一括判断)
6	原典の誤字	p.7	滋賀県天然更新完了基準 4(2)①と5(3)(ダッシュボードには載せていない)	「確実な更新が見込められるもの」は「見込まれる」、「原則をして標準地調査によることとする」は「原則として」の誤り。どちらも正しい表記は一つに決まる。	4(2)①「確実な更新が見込められるものであって」。5(3)「調査の方法は原則をして標準地調査によることとする。」	高	対象外	ダッシュボードに載せていない記述(滋賀県天然更新完了基準の4(2)①と5(3)の文章)。町への一式の提供に含める(2026-10-11、依頼者の基準による一括判断)
7	原典の誤字	p.8・目次	Ⅱ第2-4 の見出し(ダッシュボードには載せていない)	見出しの「森林法第10条の9第4項規定に基づく」は「の」が抜けている。目次の表記「第４項の規定に基づく」に揃えるのが自然で、正しい表記は一つに決まる。	目次「森林法第１０条の９第４項の規定に基づく」。p.8見出し「森林法第 10 条の 9 第 4 項規定に基づく」	高	対象外	ダッシュボードに載せていない記述(Ⅱ第2-4の見出し)。町への一式の提供に含める(2026-10-11、依頼者の基準による一括判断)
8	原典の誤字	p.9・目次	Ⅱ第3-2 保育の標準的な方法(ダッシュボードの伐採と育成タブ table「保育の作業別の標準的な方法」の表題)	同じ表の呼び方が、目次・見出し・表題で3通りあり揃わない。どれに揃えるかは原典からは一つに決まらない。	目次「保育の種類別の標準的な方法」。p.9見出しと本文「保育の作業種別の標準的な方法」。p.9表題「保育の作業別の標準的な方法」	中	原典どおり掲載	原典p.9の表題のまま掲載し、目次・見出しの呼び方はダッシュボードに無いので食い違いは見えない。町への一式の提供に含める(2026-10-11、依頼者の基準による一括判断)
9	原典の食い違い	p.10・p.21・p.25・p.26	本文Ⅱ第4-1(2)と別表1・別表2の区分の括弧書き(ダッシュボードの森林と区域タブ chart「区分ごとの森林の面積（別表1の計）」の行名)	同じ区域の略称が、本文と別表1・別表2で揃わない。山地災害防止は「山地災害防止／土壌保全機能維持増進森林」と「山地災害防止等機能維持増進森林」、保健文化は「保健文化機能維持増進森林」と「保健機能維持増進森林」が混在している。	p.10「（山地災害防止／土壌保全機能維持増進森林、保健文化機能維持増進森林）」。別表1(p.21)「（山地災害防止等機能維持増進森林）（快適環境形成機能維持増進森林）（保健機能維持増進森林）」。別表2(p.25)「（山地災害防止／土壌保全機能維持増進森林）…（保健文化機能維持増進森林）（木材等生産機能維持増進森林）」。別表2(p.26)「（山地災害防止等機能維持増進森林）…（保健機能維持増進森林）（木材等生産機能維持増進森林）」	中	原典どおり掲載	注記はしない(ダッシュボードの区分名は原典p.10・別表2(p.25)の略称に揃えて一つの書き方で載せており、ダッシュボードの中では略称の不揃いは見えない)。町への一式の提供に含める(2026-10-11、依頼者の基準による一括判断)
10	原典の食い違い	p.10・p.11・p.25・p.26	別表2の2つ目の区分(長伐期施業の区分)の括弧書き(ダッシュボードの森林と区域タブ table「山地災害防止・快適環境形成・保健文化・木材等生産の森林の施業の方法」の表題も括弧書きどおり4つを並べている)	別表2の2つ目の区分の括弧書きに「木材等生産機能維持増進森林」が入っているが、区分の正式名にも本文p.10(2)にも木材生産は含まれず、本文p.11では木材生産の森林は「生産目標に応じた主伐の時期及び方法を定める」として長伐期とはしていない。また快適環境形成は区分の正式名に入っているが本文p.10(2)には無く、別表1・別表2に快適環境形成の区域の林小班は一つも載っていない。	別表2の区分の正式名「土地に関する災害の防止及び土壌の保全の機能、快適な環境の形成の機能又は保健文化機能の維持増進を図るための森林施業を推進すべき森林」。p.10(2)の見出し「土地に関する災害の防止及び土壌の保全の機能、又は保健文化機能の維持増進を図るための森林施業を推進すべき森林」。p.11 2(2)「生産目標に応じた主伐の時期及び方法を定める」	中	原典どおり掲載	注記はしない(ダッシュボードは別表2の括弧書きどおりに表題を載せており、指摘は原典の区分の立て方(論理)の問題で、ダッシュボード上で食い違う記述が並んでいるわけではない)。町への一式の提供に含める(2026-10-11、依頼者の基準による一括判断)
11	原典の食い違い	p.10・p.11・p.21・p.23・p.25	別表1の山地災害防止・保健文化の区域と、別表2の長伐期施業の区域の対応(ダッシュボードの森林と区域タブ chart の1,444.49ha・409.61ha と table の1,118.98ha・54.03ha)	本文p.10は山地災害防止／土壌保全と保健文化の森林を「長伐期施業を推進すべき森林として定め」、区域は別表2のとおりとする。しかし別表1でこれらの区域にある林小班のうち、別表2の長伐期施業(標準伐期齢の2倍以上、スギ80年・ヒノキ90年)のどちらにも載っていないものがある。最も大きいのは1050林班イ(108.78ha)で、別表1では山地災害防止の区域にあるが、別表2では水源涵養の伐期の延長にしか出てこない。理由の説明は原典に無い。	林小班を突き合わせた結果、別表1の山地災害防止・保健文化の区域にあって別表2のどの長伐期施業にも無いもの: 1050イ、1053イニホヘト、1055ロハニホ、1026ト、1061ホヘリ。このほか1023ホヘ・1024ニ・1065ロ・1066ヘトは別表2の水源涵養の複層林施業に、1053ロハ・1055イヘは水源涵養の長伐期に載っている。別表1 山地災害防止 計1,444.49(43行)、別表2 2倍以上 計1,118.98(39行)＋スギ80年ヒノキ90年 計54.03(3行)＝1,173.01	低	原典どおり掲載	注記はしない(確信度が「低」で、林小班を突き合わせないと分からない食い違い(ダッシュボードには区分ごとの計しか載っていない))。町への一式の提供に含める(2026-10-11、依頼者の基準による一括判断)
12	ダッシュボード	p.23-26	森林と区域タブ table「水源涵養機能維持増進森林の施業の方法」と table「山地災害防止・快適環境形成・保健文化・木材等生産の森林の施業の方法」	2つの表は施業の方法ごとの面積を行に並べているが、行どうしの面積は重なっている。注記は複層林の行の「上記林小班のうち」だけで、足し合わせられる内訳のように読める。区分ごとの面積の chart には重なりの注記があるので、2つの表にも同じ趣旨の注記が要る。	水源涵養の表: 長伐期328.85haと複層林96.35haの林小班は、すべての林小班を含む伐期の延長6,100.39haの中にある。2つ目の表: スギ80年ヒノキ90年の1078林班ニホ(14.41ha)・1079林班ロハニホ(32.32ha)は、2倍以上の1078林班イロハニホ・1079林班イロハニホヘトチの中にあり、54.03haのうち14.41＋32.32＝46.73haが重なる	中	ダッシュボードで対応	森林と区域タブの施業の方法の表2つに、行どうしの面積が重なる旨の注記を足した
13	原典の誤字	p.12	Ⅱ第6-1 森林施業の共同化の促進に関する方針(ダッシュボードの森林と区域タブ「森林施業共同化重点的実施地区」narrative は「実施する区域として」とつないで掲載)	「造林、保育、伐採等の森林施業を組織的、計画的に実施する。区域として 3,174.28ha を対象に 12 地区を設定している。」は句点が余分で、文が途中で切れている。「実施する区域として」と読むのが自然で、正しい表記は一つに決まる。	p.12の原文は上記のとおり。地区の面積の合計は 209.15＋304.54＋252.71＋170.27＋334.42＋261.90＋211.09＋291.63＋212.46＋403.94＋218.01＋304.16＝3,174.28 で本文・表と合う	中	ダッシュボードで対応	起票時に余分な句点を除いて掲載
14	原典の誤字	p.12・目次	Ⅱ第6-3 の見出し(ダッシュボードには載せていない)	見出しの「共同して森林を実施する上で留意すべき事項」は「施業」が抜けている。目次とp.17の表記「共同して森林施業を実施する上で」に揃えるのが自然で、正しい表記は一つに決まる。	目次「３ 共同して森林施業を実施する上で留意すべき事項」。p.12見出し「３ 共同して森林を実施する上で留意すべき事項」。p.17(2)ウ「共同して森林施業を実施する上で留意すべき事項」	高	対象外	ダッシュボードに載せていない記述(Ⅱ第6-3の見出し)。町への一式の提供に含める(2026-10-11、依頼者の基準による一括判断)
15	原典の誤字	目次・p.13	目次のⅡ第7(ダッシュボードには載せていない)	目次の「作業路網そのた森林の整備のために必要な施設の整備に関する事項」は「その他」の誤り。正しい表記は一つに決まる。	目次「第７ 作業路網そのた森林の整備…」。p.13見出し「第７ 作業路網その他森林の整備のために必要な施設の整備に関する事項」	高	対象外	ダッシュボードに載せていない記述(目次のⅡ第7)。町への一式の提供に含める(2026-10-11、依頼者の基準による一括判断)
16	原典の誤字	p.13	Ⅱ第7-1 路網密度の水準の表の急傾斜地・架線系(ダッシュボードの路網と保護タブ table「傾斜区分・作業システム別の路網密度の水準」に「20＜15＞m/ha」と原典のまま掲載)	路網密度の欄はほかの5行がすべて「以上」付きだが、急傾斜地の架線系だけ「２０＜１５＞ｍ／ha」で「以上」が無い。脱字の可能性があるが、原典だけでは決められない。	緩傾斜地 車両系「１１０ｍ／ha 以上」、中傾斜地「８５ｍ／ha 以上」「２５ｍ／ha 以上」、急傾斜地 車両系「６０＜５０＞ｍ／ha 以上」、急傾斜地 架線系「２０＜１５＞ｍ／ha」、急峻地「５ｍ／ha 以上」	低	原典どおり掲載	注記はしない(確信度が「低」で、「以上」の脱字かどうかは原典だけでは決まらない)。町への一式の提供に含める(2026-10-11、依頼者の基準による一括判断)
17	原典の論理	p.13・p.14・p.27	Ⅱ第7-1 の「基幹路網整備計画はない」と、3(1)イ「基幹路網の整備計画」・別表3(ダッシュボードの路網と保護タブ callout と、table「拡張（改良）」「拡張（舗装）」)	p.13は「本計画期間内の基幹路網整備計画はない」とする一方、p.14イは「基幹路網の整備計画」として「日野町に関する基幹路網については別表３に示す」とし、別表3には林道(自動車道)の改良・舗装の計画がある。「整備計画はない」が開設(新設)だけを指すのか書かれておらず、文章どうしが食い違って見える。ダッシュボードでも callout の直後に別表3の表が並ぶ。	p.13「本計画期間内の基幹路網整備計画はない。」。p.14「イ 基幹路網の整備計画 日野町に関する基幹路網については別表３に示す。」。別表3 拡張(改良) 13路線 11.9km、拡張(舗装) 5路線 11.5km(延長の合計は表の行から計算して一致)	中	未判断	
18	原典の食い違い	p.17・p.11・p.12・p.13	Ⅴ1(2)ウ 森林経営計画で適切に計画する事項(ダッシュボードには載せていない)	参照先の番号が一つずれている。この計画では、受委託等を実施する上で留意すべき事項はⅡ第5の3、共同して森林施業を実施する上で留意すべき事項はⅡ第6の3で、Ⅱ第7の3は作業路網の整備に関する事項である。正しくは「Ⅱの第5の3」「Ⅱの第6の3」と考えられる。	p.17「ウ Ⅱの第 6 の 3 の森林の施業又は経営の受託等を実施する上で留意すべき事項及びⅡの第 7 の 3 の共同して森林施業を実施する上で留意すべき事項」。p.11「第５…３ 森林の経営の受委託等を実施する上で留意すべき事項」。p.12「第６…３ 共同して森林を実施する上で留意すべき事項」。p.13「第７…３ 作業路網の整備に関する事項」	高	対象外	ダッシュボードに載せていない記述(Ⅴ1(2)ウの参照先の番号)。町への一式の提供に含める(2026-10-11、依頼者の基準による一括判断)
19	原典の食い違い	p.17・p.20・p.24	Ⅴ1(1) 森林経営計画の区域の南比都佐の林班と、別表1・別表2の林小班の一覧(ダッシュボードの森林と区域タブ「森林経営計画を作る区域」table の「1096〜1117」)	p.17は南比都佐の林班に1115を挙げているが、別表1・別表2の林小班の一覧には1115林班が無い(1114の次が1116)。区域ごとの面積は別表1の林班の面積の合計と一致するので、1115林班に森林の面積が無いのか、別表から漏れたのかは原典から分からない。	別表1の水源涵養の一覧を区域ごとに足すと、西桜谷・必佐・日野1,048.14、東桜谷1,494.88、西大路1,880.67、鎌掛1,001.94、南比都佐674.76で、p.17の区域面積とすべて一致する(合計6,100.39)。別表1の林班は1001〜1139のうち1115だけが無い	低	原典どおり掲載	南比都佐の林班「1096〜1117」を原典のまま掲載し、別表の林小班の一覧は載せていないので食い違いは見えない。町への一式の提供に含める(2026-10-11、依頼者の基準による一括判断)
20	原典の誤字	p.18・p.4	Ⅴ7 その他必要な事項の届出(ダッシュボードのまとめタブ actions「森林の持ち主のみなさんへ」の1つ目・2つ目と、ふれあいと参加タブ「その他必要な事項」bullets の2つ目に同じ表記で掲載)	届出の対象を「地域森林整備計画の対象になっている民有林」としているが、原典はp.4で県の計画を「地域森林計画」と呼んでおり、「地域森林整備計画」という計画はこの文書のどこにも無い。「地域森林計画」の誤りと考えられるが、計画の名称に関わるので判断を仰ぐ。	p.18「地域森林整備計画の対象になっている民有林において、新たに森林の土地の所有者となった場合」「地域森林整備計画の対象になっている民有林において、立木の伐採および伐採後の造林をする場合」。p.4「地域森林計画第４の１（３）で定める」	中	原典どおり掲載	「地域森林整備計画」を原典のまま掲載し、p.4の「地域森林計画第4の1(3)」はダッシュボードに無いので食い違いは見えない。町への一式の提供に含める(2026-10-11、依頼者の基準による一括判断)
21	原典の食い違い	p.17・p.18	Ⅴ4 森林の総合利用の推進に関する事項の表題(ダッシュボードのふれあいと参加タブ table「生活環境施設の整備計画（現状）」)	「４ 森林の総合利用の推進に関する事項」の表の表題が「生活環境施設の整備計画」となっている。直前の「２ 生活環境の整備に関する事項」は「特に無し」で、表の中身は森林空間活用施設と山村体験交流施設であり、項目と表題が合わない。	p.17「２ 生活環境の整備に関する事項 特に無し」「４ 森林の総合利用の推進に関する事項」。p.18表題「○ 生活環境施設の整備計画」、施設の区分「森林空間活用施設」「山村体験交流施設」	低	原典どおり掲載	注記はしない(確信度が「低」で、表題と項目の対応という原典の構成の問題)。町への一式の提供に含める(2026-10-11、依頼者の基準による一括判断)
22	原典の食い違い	目次・p.29(PDF33ページ)	日野町森林整備計画概要図(公益的機能別施業森林図)のページ番号(ダッシュボードの森林と区域タブ figure の source「honpen p.29」と直後の note)	目次は概要図を28ページとするが、概要図のページの下の番号は「-1-」である。PDFでは別表3(27ページ)の次に白紙のA3ページ(PDF32ページ)があり、概要図はPDF33ページにある。ダッシュボードはPDFページから換算したp.29としており、原典に印刷されたどの番号(28・-1-)とも合わない。	目次「日野町森林整備計画概要図・・・２８」。PDF33ページ下端「-1-」。PDF32ページは文字も図も無いA3判。印刷ページ＝PDFページ−4 で換算するとPDF32ページが28、PDF33ページが29	中	未判断	
23	ダッシュボード	p.1・p.27	まとめタブ narrative の2段落目「数値目標を掲げる計画ではなく、森林の手入れの標準と区域を定める計画です。」	原典に無い記述。原典に目標値の表は無いが、別表3で計画期間中の林道の改良(13路線11.9km)・舗装(5路線11.5km)の量を定めており、「数値目標を掲げる計画ではなく」と言い切ると誤解を招くおそれがある。	原典に計画の性格をこのように述べた箇所は無い。別表3(p.27)の計の行「13 路線 11.9 1,660」「5 路線 11.5 664」	低	ダッシュボードで対応	まとめタブの文章から「数値目標を掲げる計画ではなく…」の文を削った
24	ダッシュボード	p.1・p.2・p.9-11	まとめタブ narrative の2段落目「森林の7つの働きを保つための区域分け」	原典の区域分け(公益的機能別施業森林等、別表1)は、水源涵養・山地災害防止／土壌保全・保健文化・木材生産(と特に効率的な施業が可能な森林)の区分で、7つの働きのそれぞれに区域を定めてはいない。生物多様性保全の区域は無く、保健と文化は一つの区分である。7つの働きは基本方針(p.1-2)で挙げているもので、区域分けの説明としては意味が変わっている。	p.9-11 第4の1(1)水源涵養、(2)山地災害防止／土壌保全・保健文化、2 木材の生産機能。別表1の区分は水源涵養・土地に関する災害の防止及び土壌の保全・保健文化・木材の生産・特に効率的な施業が可能な森林の5つ	低	ダッシュボードで対応	まとめタブの文章を「森林の7つの働きごとの目指す姿と、働きに応じた施業を進める森林の区域」に直した
25	ダッシュボード	p.3・p.11・p.18	まとめタブ actions「森林の持ち主のみなさんへ」	このブロックだけ出典ページが無い(スキーマ上は任意)。内容はp.18(届出・法的手続き)と、p.3・p.11(経営の委託・情報提供や斡旋)による。4つ目の項目はp.3とp.11の対象者(自力による管理が困難な所有者/不在村者や経営意欲の低い所有者)をまとめた要約で、原典の書き方とは少し違う。	p.3「自力による適正な管理が困難な森林所有者に対し…情報提供や助言やあっせんなどを行い」。p.11「不在村者や森林経営意欲の低い森林所有者に対しては、森林組合や林業事業体への森林経営委託契約を働きかけることとし、受委託に必要な情報提供や斡旋を行う。」	低	ダッシュボードで対応	まとめタブの「森林の持ち主のみなさんへ」に出典 honpen p.3,p.11,p.18 を付けた
