id	file	label	url	bytes	sha256	pages	text_chars	fetched	note
sogo6	honpen-01.pdf	はじめに～第1部 序論.pdf サイズ：8.64MB	https://www.town.shiga-hino.lg.jp/cmsfiles/contents/0000001/1791/01.pdf	9060069	65ed19a0540c9aa7a77a62eaed4b1768c3ba3e030b46bb2b05970c3367bdbfd1	20	0	2026-10-10	文字なし(OCRが必要)
sogo6	honpen-02.pdf	第2部 基本構想.pdf サイズ：6.83MB	https://www.town.shiga-hino.lg.jp/cmsfiles/contents/0000001/1791/02.pdf	7156941	275e88d1c065b57341cc165fa5dc44945aa920f54acc5b9764fe894bbd4fe150	18	495	2026-10-10	文字なし(OCRが必要)
sogo6	honpen-03.pdf	第3部 基本計画 分野①～⑧.pdf サイズ：9.57MB	https://www.town.shiga-hino.lg.jp/cmsfiles/contents/0000001/1791/03.pdf	10030282	4ba2a965b711c3d3455310424d188aeeacfeed850dbbfc12305afdc8957c1473	21	405	2026-10-10	文字なし(OCRが必要)
sogo6	honpen-04.pdf	第3部 基本計画 分野⑨～㉑.pdf サイズ：10.41MB	https://www.town.shiga-hino.lg.jp/cmsfiles/contents/0000001/1791/04.pdf	10920675	6fc31ffa0a0830b1b41ebd029e3b1ee248a9c1e20230775471015bc4c5a17e18	26	989	2026-10-10	文字なし(OCRが必要)
sogo6	honpen-05.pdf	第3部 基本計画 分野㉒～㉞.pdf サイズ：10.29MB	https://www.town.shiga-hino.lg.jp/cmsfiles/contents/0000001/1791/05.pdf	10792203	85ad2880fd5dfc1b4fe87ebce054bd7ece0517f45fb72bf8dbb401780fc985a4	27	699	2026-10-10	文字なし(OCRが必要)
sogo6	honpen-06.pdf	第4部 計画の推進.pdf サイズ：6.31MB	https://www.town.shiga-hino.lg.jp/cmsfiles/contents/0000001/1791/06.pdf	6614888	29adfca28e0205db515dc0bd1fd8c045ccfe090e5a4207444739290685b6ad43	14	300	2026-10-10	文字なし(OCRが必要)
sogo6	honpen-07.pdf	第5部 住民参画～資料編.pdf サイズ：11.18MB	https://www.town.shiga-hino.lg.jp/cmsfiles/contents/0000001/1791/07.pdf	11721999	b32c437f4d579076cdc1e62637f93d7ee23d6f4a5ed11cfe8f146d29dd6f3f72	29	8348	2026-10-10	第5部と資料編が1ファイル。2・7ページは文字化け(OCRが必要)
sogo6	gaiyo.pdf	ダイジェスト版.pdf サイズ：10.19MB	https://www.town.shiga-hino.lg.jp/cmsfiles/contents/0000001/1791/2.pdf	10687589	8e5d4ce792ad36b2ed6a40faf1c0ea6e0a518b067e1a0b7dc30aa7a9ba7c51b6	12	102	2026-10-10	ダイジェスト版を概要版として保存。文字なし(OCRが必要)
jisshi	honpen.pdf	第6次日野町総合計画実施計画（令和8年度から令和10年度） (PDF形式、551.41KB)	https://www.town.shiga-hino.lg.jp/cmsfiles/contents/0000005/5740/8-10.pdf	564643	e4ede644cea04ca5f472f380f8674c4e169dbab48d41051b18ff1910734747a3	18	17874	2026-10-10	現行版(令和8〜10年度)。掲載ページで過去版は「(参考)過去の実施計画」
jisshi	r7-r9jissikeikaku.pdf	第6次日野町総合計画実施計画（令和7年度から令和9年度） (PDF形式、603.67KB)	https://www.town.shiga-hino.lg.jp/cmsfiles/contents/0000005/5740/R7-R9jissikeikaku.pdf	618157	f32eddb4a526a98edba405e116b887dd2e603d300f45211fe8aaa3c8ab8dc165	17	17992	2026-10-10	過去版(掲載ページの「(参考)過去の実施計画」)
jisshi	jissikeikaku_r6-r8.pdf	第6次日野町総合計画実施計画（令和6年度から令和8年度） (PDF形式、597.67KB)	https://www.town.shiga-hino.lg.jp/cmsfiles/contents/0000005/5740/jissikeikaku_R6-R8.pdf	612016	4828266c5cfcb6d8457d9fa9dc81f1ebf54c1716f80e307d3ffdeecb85c6bddd	18	17911	2026-10-10	過去版(掲載ページの「(参考)過去の実施計画」)
jisshi	r5-r7.pdf	第6次日野町総合計画実施計画（令和5年度から令和7年度） (PDF形式、593.39KB)	https://www.town.shiga-hino.lg.jp/cmsfiles/contents/0000005/5740/R5-R7.pdf	607348	66ad306400d71c7a24529147173707c53ae3fd984d78c1f31857d4b8bff93bf2	16	16939	2026-10-10	過去版(掲載ページの「(参考)過去の実施計画」)
jisshi	x2.pdf	第6次日野町総合計画実施計画（令和4年度から令和6年度） (PDF形式、406.26KB)	https://www.town.shiga-hino.lg.jp/cmsfiles/contents/0000005/5740/2.pdf	416007	9cdc506a4a0796d97178408e87329c5ca6a1c42b04d26a26ad898fcc353b3710	15	16779	2026-10-10	過去版(掲載ページの「(参考)過去の実施計画」)
jisshi	x1.pdf	第6次日野町総合計画実施計画（令和3年度から令和5年度） (PDF形式、600.19KB)	https://www.town.shiga-hino.lg.jp/cmsfiles/contents/0000005/5740/1.pdf	614599	0aa333ecfa851ad50b369059309f67bee79bdb31561624f22c1148e096d0875f	14	15822	2026-10-10	過去版(掲載ページの「(参考)過去の実施計画」)
senryaku2	honpen.pdf	日野町くらし安心ひとづくり総合戦略（第2期：令和3年度から令和7年度）令和6年3月改訂版(PDF形式、1.70MB)	https://www.town.shiga-hino.lg.jp/cmsfiles/contents/0000005/5742/2.pdf	1781924	d853709e93b1e70893abe68bf123fa0f0994dc1c07596dc99d99b361c782c546	32	22363	2026-10-10	令和6年3月改訂版(現行)
senryaku2	r6-3taisyouhyou.pdf	日野町くらし安心ひとづくり総合戦略（第2期：令和3年度から令和7年度）新旧対照表(PDF形式、213.95KB)	https://www.town.shiga-hino.lg.jp/cmsfiles/contents/0000005/5742/R6.3taisyouhyou.pdf	219087	a8b9ea290500b9766c0fc9ab1e4773523ae2715d7338735e3a2754021ad60735	2	570	2026-10-10	新旧対照表
senryaku2	sougousenryaku2_r4-12ver.pdf	日野町くらし安心ひとづくり総合戦略（第2期：令和3年度から令和7年度）令和4年12月改訂版.pdf (サイズ：1.06MB)	https://www.town.shiga-hino.lg.jp/cmsfiles/contents/0000005/5742/sougousenryaku2_R4.12ver.pdf	1112533	e9c303fb2ce14734ed7b864ed367512a5334cfb6204f48607671d163226eda82	32	22404	2026-10-10	改訂前の版(掲載ページの「【参考】改訂前」)
senryaku2	x1.pdf	日野町くらし安心ひとづくり総合戦略（第2期：令和3年度から令和7年度）.pdf サイズ：1.52MB	https://www.town.shiga-hino.lg.jp/cmsfiles/contents/0000005/5742/1.pdf	1592486	fa52e41de21ec817abb4f5cb09d0df8b30e9accf8ed83530bdb80719e6c94f63	32	22154	2026-10-10	改訂前の版(掲載ページの「【参考】改訂前」・令和3年3月策定時)
kokudoriyou	honpen.pdf	日野町国土利用計画（第6次）.pdf サイズ：3.64MB	https://www.town.shiga-hino.lg.jp/cmsfiles/contents/0000001/1653/001.pdf	3820472	5e10acd121a461cd2b456e3d73cdb2ec18fbaf3a5b7cef1010f44096b1262b19	38	34501	2026-10-10	
kokudoriyou	shiryo.pdf	日野町国土利用計画（第6次）【資料編】.pdf サイズ：5.17MB	https://www.town.shiga-hino.lg.jp/cmsfiles/contents/0000001/1653/002.pdf	5418475	a781f21517edeb9aad71846e9c3102e7ce9c862d1f2a25f6f122c7ef8a535e45	34	20982	2026-10-10	
partner	honpen-01.pdf	◆表紙・はじめに・目次(PDF形式、111.56KB)	https://www.town.shiga-hino.lg.jp/cmsfiles/contents/0000001/1643/koukihyoushi.pdf	114238	5084d478665ed656428e7fad05e9dac09673b618be3c7a75020ff0716b94c409	3	1864	2026-10-10	後期計画(令和6年3月)。本編は表紙〜第5章・用語解説・裏表紙をリンク順に honpen-01〜08、資料を shiryo.pdf とした
partner	honpen-02.pdf	◆第1章 計画策定の趣旨(PDF形式、177.31KB)	https://www.town.shiga-hino.lg.jp/cmsfiles/contents/0000001/1643/kouki1.pdf	181563	93f74e838cad236f5a4f7ad0411f8ce56b55314f0c8636475c04295e3e9fbcba	1	609	2026-10-10	
partner	honpen-03.pdf	◆第2章 計画の位置づけと期間(PDF形式、177.21KB)	https://www.town.shiga-hino.lg.jp/cmsfiles/contents/0000001/1643/kouki2.pdf	181464	1ed3f50d51e99a0f3989f44509030ddc9600d1a0ccc8157c2820897ff50d8035	1	559	2026-10-10	
partner	honpen-04.pdf	◆第3章 計画策定の背景(PDF形式、1.70MB)	https://www.town.shiga-hino.lg.jp/cmsfiles/contents/0000001/1643/kouki3.pdf	1779634	8fc74b3e17a62005a5517c8f00733a554d8bf7206adadd79513705520ebab936	7	5861	2026-10-10	
partner	honpen-05.pdf	◆第4章 計画の基本理念・基本目標(PDF形式、177.78KB)	https://www.town.shiga-hino.lg.jp/cmsfiles/contents/0000001/1643/kouki4.pdf	182044	5a593243a7aea3caae44bb9e0edf93d400581a3bb466c0b21b486b0701fb230f	1	593	2026-10-10	
partner	honpen-06.pdf	◆第5章 施策の方向と内容(PDF形式、658.75KB)	https://www.town.shiga-hino.lg.jp/cmsfiles/contents/0000001/1643/kouki5.pdf	674564	73bbb4f386e92aaebffd64691d20acfe3aae63be28dd5c89a540e06af856b1e8	26	18327	2026-10-10	
partner	honpen-07.pdf	◆用語解説(PDF形式、235.29KB)	https://www.town.shiga-hino.lg.jp/cmsfiles/contents/0000001/1643/koukiyougo.pdf	240940	0c05fa613fdcd7494b0fcfbb7dc36c6f2eaae40dae4f6b59558b804d3443784c	2	2321	2026-10-10	
partner	shiryo.pdf	◆資料(PDF形式、1.59MB)	https://www.town.shiga-hino.lg.jp/cmsfiles/contents/0000001/1643/koukisiryou.pdf	1668458	e3d4022b89a7bd8f0ccbcbc18ffdabb1450bda88b81ea6b6ca0f261445675160	65	58711	2026-10-10	
partner	honpen-08.pdf	◆裏表紙(PDF形式、68.50KB)	https://www.town.shiga-hino.lg.jp/cmsfiles/contents/0000001/1643/koukiura.pdf	70145	331a2f79dba013f67792f2e4eea21f92240b04c564c7cd32c90cdd2b82a8ea07	1	173	2026-10-10	
partner	gaiyo.pdf	「日野町男女共同参画行動計画 ひのパートナープラン2019」後期計画（概要版） (PDF形式、5.89MB)	https://www.town.shiga-hino.lg.jp/cmsfiles/contents/0000001/1643/keikakugaiyou.pdf	6175161	506e3bb1fd4b025ac744bb61e73d35d361282ab714d9494af162dbfd12d631e4	8	5677	2026-10-10	
toshimaster	honpen-01.pdf	第0章 目次 (pdf サイズ：5.84MB)	https://www.town.shiga-hino.lg.jp/cmsfiles/contents/0000006/6370/0.pdf	6126984	3fb850d88d301b83315164da01ba1a286660e291a6a59e093feb18f113ef45b1	3	0	2026-10-10	文字なし(OCRが必要)
toshimaster	honpen-02.pdf	第1章 序論 (pdf サイズ：12.19MB)	https://www.town.shiga-hino.lg.jp/cmsfiles/contents/0000006/6370/1.pdf	12784763	b9642ef9d2eb2ebf6c903e32c547c5717b5df6f70dde46bac7bb01b51d171e83	4	0	2026-10-10	文字なし(OCRが必要)
toshimaster	honpen-03.pdf	第2章 まちの現状と課題1-2 (pdf サイズ：44.93MB)	https://www.town.shiga-hino.lg.jp/cmsfiles/contents/0000006/6370/2-1.pdf	47114951	71087f03b06c4db97e84267c87a24bde9d23ccf1ec93778e5eea78c9158a67c6	14	0	2026-10-10	文字なし(OCRが必要)
toshimaster	honpen-04.pdf	第2章 まちの現状と課題3-4 (pdf サイズ：34.43MB)	https://www.town.shiga-hino.lg.jp/cmsfiles/contents/0000006/6370/2-2.pdf	36106771	49d0b3ba3e8a0eb3ee9fe61519b8b920236b71a5efd3c57f9410e15da9496877	13	0	2026-10-10	文字なし(OCRが必要)
toshimaster	honpen-05.pdf	第2章 まちの現状と課題5-7 (pdf サイズ：44.03MB)	https://www.town.shiga-hino.lg.jp/cmsfiles/contents/0000006/6370/2-3.pdf	46165432	9177f63cda008fea047f7fe6e3095df80515d9fc30f251f1e069f0513446db55	11	0	2026-10-10	文字なし(OCRが必要)
toshimaster	honpen-06.pdf	第2章 まちの現状と課題8-9 (pdf サイズ：31.76MB)	https://www.town.shiga-hino.lg.jp/cmsfiles/contents/0000006/6370/2-4.pdf	33302639	743b84ffdaeaebc34828b7ebf97af5f88f072e24e2c9aff8b2fae1af509139f3	12	0	2026-10-10	文字なし(OCRが必要)
toshimaster	honpen-07.pdf	第2章 まちの現状と課題10-13 (pdf サイズ：25.35MB)	https://www.town.shiga-hino.lg.jp/cmsfiles/contents/0000006/6370/2-5.pdf	26584769	8621a6ee1c473680b7e38bba195e860f60899bfcf817265436a79ed890044506	6	0	2026-10-10	文字なし(OCRが必要)
toshimaster	honpen-08.pdf	第3章 全体構想1-6 (pdf サイズ：21.87MB)	https://www.town.shiga-hino.lg.jp/cmsfiles/contents/0000006/6370/3-1.pdf	22928033	8498f4b03f68999bd6a2328b3b192fa44f87d49e5689efba5475d2612af5441e	7	0	2026-10-10	文字なし(OCRが必要)
toshimaster	honpen-09.pdf	第3章 全体構想7(1)~(2) (pdf サイズ：28.49MB)	https://www.town.shiga-hino.lg.jp/cmsfiles/contents/0000006/6370/3-2.pdf	29875689	90098250f667a57163d4c5588f96ab5a27bd13654ea445fe5f7df6e7ea17f1f0	10	0	2026-10-10	文字なし(OCRが必要)
toshimaster	honpen-10.pdf	第3章 全体構想7(3)~(7) (pdf サイズ：34.36MB)	https://www.town.shiga-hino.lg.jp/cmsfiles/contents/0000006/6370/3-3.pdf	36034167	9ade97933c1498c875b329758cb4e7a998be0c85a286b039c4ae3c5b5b7b0823	11	0	2026-10-10	文字なし(OCRが必要)
toshimaster	honpen-11.pdf	第4章 地域別構想1-2(1) (pdf サイズ：24.72MB)	https://www.town.shiga-hino.lg.jp/cmsfiles/contents/0000006/6370/4-1.pdf	25924055	da83371ebcaf1a86a4c2afb12e45aa985771ec950ffca0fcab4d91013195148f	8	0	2026-10-10	文字なし(OCRが必要)
toshimaster	honpen-12.pdf	第4章 地域別構想2(2) (pdf サイズ：17.33MB)	https://www.town.shiga-hino.lg.jp/cmsfiles/contents/0000006/6370/4-2.pdf	18170311	ee532fecccea5ef0aa359b14dfacfe60b481b57bd0313597c1d9b9aa99e46087	7	0	2026-10-10	文字なし(OCRが必要)
toshimaster	honpen-13.pdf	第4章 地域別構想2(3) (pdf サイズ：17.32MB)	https://www.town.shiga-hino.lg.jp/cmsfiles/contents/0000006/6370/4-3.pdf	18159795	03ffd6b3cc3198a95bb551991dabfe5b985b97b7bbfb513c90bad211389ad276	6	0	2026-10-10	文字なし(OCRが必要)
toshimaster	honpen-14.pdf	第5章 まちづくりの推進方策(pdf サイズ：11.52MB)	https://www.town.shiga-hino.lg.jp/cmsfiles/contents/0000006/6370/5.pdf	12076524	44585d82f2d513841ecb9eab0940e92194627cb35a3d153f8b9175235f929da7	5	0	2026-10-10	文字なし(OCRが必要)
toshimaster	gaiyo.pdf	概要版 (pdf サイズ：62.55MB)	https://www.town.shiga-hino.lg.jp/cmsfiles/contents/0000006/6370/gaiyouban.pdf	65586717	8e4500305750e11e496d3c6729f9d802037c11403b375c126816411d886c657d	16	0	2026-10-10	文字なし(OCRが必要)
jyuseikatsu	honpen.pdf	日野町住生活基本計画 (PDF形式、15.39MB)	https://www.town.shiga-hino.lg.jp/cmsfiles/contents/0000007/7087/zyuuseikatsu.pdf	16139434	f9c47f5ce90216a89598cd02eeecb08dc9b0e82f2d38b516da0ba30efc01efae	100	55501	2026-10-10	
jyutaku-choju	gaiyo.pdf	＜概要版＞日野町町営住宅長寿命化計画 (PDF形式、1.16MB)	https://www.town.shiga-hino.lg.jp/cmsfiles/contents/0000007/7086/gaiyou.pdf	1212605	ed82647887a4acdbaa0ad59e31ccbcdadb635fd051a5d1e2ecc5ec3f3598d73c	12	10867	2026-10-10	
jyutaku-choju	honpen.pdf	日野町町営住宅長寿命化計画(PDF形式、10.69MB)	https://www.town.shiga-hino.lg.jp/cmsfiles/contents/0000007/7086/c.pdf	11212827	2373338fff99704e9937c0a4be86525381f54ba6c2bd95d78d5b4ad85f171c79	58	35360	2026-10-10	
shasi-jyutaku	zizencyekkushito.pdf	事前評価チェックシート (PDF形式、5.07KB)	https://www.town.shiga-hino.lg.jp/cmsfiles/contents/0000006/6557/zizencyekkushito.pdf	5192	fc3d8f0ef9c6d528df957b90cb20383e61acd35378c58766afc0af85a3084bef	2	905	2026-10-10	事前評価チェックシート
shasi-jyutaku	keikaku.pdf	日野町地域住宅計画 (PDF形式、212.53KB)	https://www.town.shiga-hino.lg.jp/cmsfiles/contents/0000006/6557/keikaku.pdf	217628	830814196eeb6f849cf54c8a0ec0bdc44eb4e7fac01ab6b2e58bbb6ee1f57ce7	6	1863	2026-10-10	本編か判断できず元のファイル名(日野町地域住宅計画 令和4年1月・令和7年12月改訂)
shasi-jyutaku	zumenn.pdf	日野町地域住宅計画位置図(PDF形式、113.53KB)	https://www.town.shiga-hino.lg.jp/cmsfiles/contents/0000006/6557/zumenn.pdf	116255	eab8b9df99e0605e294acc8f1623b940a3d80829d24e040fc182b0521e6079c7	1	67	2026-10-10	位置図
shasi-jyutaku	seibikeikaku.pdf	社会資本総合整備計画 (PDF形式、8.86KB)	https://www.town.shiga-hino.lg.jp/cmsfiles/contents/0000006/6557/seibikeikaku.pdf	9069	3ae5cbba641eddf0f1b74742850b9b2ebad130f1626801cb03efb8d535c500d9	3	1077	2026-10-10	本編か判断できず元のファイル名(社会資本総合整備計画 令和7年12月16日)
taishin	honpen.pdf	日野町既存建築物耐震改修促進計画（改定版） (PDF形式、1.54MB)	https://www.town.shiga-hino.lg.jp/cmsfiles/contents/0000003/3390/hinotyoukeikaku.pdf	1612954	77244dcac915d1dbf1133d0b5c4385348dc1fb7d62f910495dc8700425fe7cdc	39	26197	2026-10-10	平成28年3月改定版
taishin	actionprogram2025.pdf	日野町住宅耐震化緊急促進アクションプログラム2025 (PDF形式、215.88KB)	https://www.town.shiga-hino.lg.jp/cmsfiles/contents/0000003/3390/actionprogram2025.pdf	221062	e207c566e49e42b6a626c66b2a839af52dde19919e1bc0c498f3c4c2cfee3842	1	1392	2026-10-10	文字化け(取り出した文字が読めない。OCRが必要)
shasi-jishin	x0000598658.pdf	整備計画滋賀県内における災害に強い住まい・まちづくり（防災・安全）(PDF形式、188.51KB)	https://www.town.shiga-hino.lg.jp/cmsfiles/contents/0000003/3327/0000598658.pdf	193035	194945ede6a2c7ef2e07bac97c66e51d1fad7a950b201f39288874274ff9cb2f	18	11185	2026-10-10	本編か判断できず元のファイル名。リンクの文字は「整備計画」だが1ページ目は事前評価チェックシート(第2期計画・令和3〜7年度)
shasi-jishin	seibikeikaku4.pdf	整備計画滋賀県内における災害に強い住まい・まちづくり（防災・安全）.pdf （サイズ：3.59MB）	https://www.town.shiga-hino.lg.jp/cmsfiles/contents/0000003/3327/seibikeikaku4.pdf	3763295	a53659396123bed0acb148cb1b1f92dcac0091fa0bf2b39163a5dfae3636c3e6	18	0	2026-10-10	本編か判断できず元のファイル名。文字なし(OCRが必要)
shasi-jishin	seibi3.pdf	整備計画滋賀県内における地震災害に強い住まい・まちづくり（防災・安全） (PDF形式、216.54KB)	https://www.town.shiga-hino.lg.jp/cmsfiles/contents/0000003/3327/seibi3.pdf	221738	4572e616591688bd8762a6c4a894cca30c43ff12683ba2711efe9dbc4bdbe18a	4	2737	2026-10-10	本編か判断できず元のファイル名。中身は交付金チェックシート(平成22〜27年度の計画)
shasi-jishin	zigo723.pdf	事後評価滋賀県内における地震災害に強い住まい・まちづくり（防災・安全） (PDF形式、200.41KB)	https://www.town.shiga-hino.lg.jp/cmsfiles/contents/0000003/3327/zigo723.pdf	205224	fcac5d0ddf3e8afa9c03828f90822a333f50388f89ace9ff66698f77184d1849	3	2840	2026-10-10	事後評価書(平成22〜27年の計画)
shasi-koen	seibikeikaku.pdf	整備計画日野町安全で安心な都市公園づくり（防災・安全）.pdf サイズ：6.71KB)	https://www.town.shiga-hino.lg.jp/cmsfiles/contents/0000004/4575/seibikeikaku.pdf	6873	053d1732d7cb1f916153c95ef1fc9d4af465e62afc1f7dece09fc5fb8cd1923f	2	697	2026-10-10	本編か判断できず元のファイル名(平成31〜32年度の計画)
shasi-koen	jizennhyouka.pdf	事前評価チェックシート日野町安全で安心な都市公園づくり（防災・安全）.pdf サイズ：3.30KB)	https://www.town.shiga-hino.lg.jp/cmsfiles/contents/0000004/4575/jizennhyouka.pdf	3375	23a8a77b0813cfe479fdd1911f6080bc565f24a764bcc18cf86ad9435e5171b9	1	487	2026-10-10	事前評価チェックシート(平成31〜32年度の計画)
shasi-koen	jigohyoukasho.pdf	事後評価書日野町安全で安心な都市公園づくり（防災・安全）.pdf（サイズ：14.31KB）	https://www.town.shiga-hino.lg.jp/cmsfiles/contents/0000004/4575/jigohyoukasho.pdf	14653	e8daddab391730653dbd4762bbe7925d4c2427a7dd995726dee53235d6de1137	4	1137	2026-10-10	事後評価書(平成31〜32年度の計画)
shasi-koen	r3syakaishihonseibikeikaku.pdf	整備計画 (PDF形式、8.56KB)	https://www.town.shiga-hino.lg.jp/cmsfiles/contents/0000004/4575/R3syakaishihonseibikeikaku.pdf	8768	148c9adb18df8cc8c3f652ef9dd6a054447af310cf21fde4487144e1573150a8	3	964	2026-10-10	本編か判断できず元のファイル名(令和4〜8年度の計画・令和6年1月5日)
shasi-koen	r3jizenhyouka.pdf	事前評価チェックシート (PDF形式、3.29KB)	https://www.town.shiga-hino.lg.jp/cmsfiles/contents/0000004/4575/R3jizenhyouka.pdf	3366	b34adba86d3bc00dfc71972be98fefbf94bdb26e05641fee8a41be8437e1662c	1	481	2026-10-10	事前評価チェックシート(令和4〜8年度の計画)
koutsu	gaiyo.pdf	日野町地域公共交通計画（概要版） (PDF形式、803.01KB)	https://www.town.shiga-hino.lg.jp/cmsfiles/contents/0000007/7255/gaiyou.pdf	822286	3a16fa89151df7d2eda5b9db4251c83d07aec0607ff2c5d42e7518c3d5ca458e	2	3826		
koutsu	honpen.pdf	日野町地域公共交通計画（一部改訂） (PDF形式、6.34MB)	https://www.town.shiga-hino.lg.jp/cmsfiles/contents/0000007/7255/koutsu.pdf	6651986	8b9b9f76b0582da4bc1350ffb8d7e00c404a3f1a1fb8a9f546dcaf54a29ffb4a	54	38389		
shasi-koutsu	honpen.pdf	社会資本総合整備計画県東部地域の公共交通再構築による拠点連携型「まちづくり」の実現 (PDF形式、295.24KB)	https://www.town.shiga-hino.lg.jp/cmsfiles/contents/0000007/7948/syakaishihon.pdf	302324	a01566b400508faea8cc9aea9814d3d929b7bd24a6cbda055bd559e526902a67	9	5149	2026-10-10	
shasi-koutsu	r07shikkou.pdf	交付金の執行状況（令和6年度・令和7年度）(PDF形式、3.20KB)	https://www.town.shiga-hino.lg.jp/cmsfiles/contents/0000007/7948/R07shikkou.pdf	3278	b39d3fa6bbaa97993d92ec4e836b3f43efd46edcae66bb18a03ac390d660e4bf	1	207	2026-10-10	交付金の執行状況
kyoryo	tyoujumyoukakeikakur6-4.pdf	橋梁長寿命化修繕計画(PDF形式、645.54KB)	https://www.town.shiga-hino.lg.jp/cmsfiles/contents/0000003/3608/tyoujumyoukakeikakuR6.4.pdf	661034	4a98c68abd6a5096de76cbcc9f998c796ee14e8d2daf0eb9ba90883e783c7948	1	1840	2026-10-10	本編か判断できず元のファイル名。文字化け(取り出した文字が読めない。OCRが必要)
kyoryo	keikaku.pdf	橋梁長寿命化修繕計画全編 (PDF形式、14.52MB)	https://www.town.shiga-hino.lg.jp/cmsfiles/contents/0000003/3608/keikaku.pdf	15220415	f5fbf1b38d535cf740b1ab38e5abc62bac2ada687e89dcc174a0546db28c0266	188	191250	2026-10-10	本編か判断できず元のファイル名(第3期の全編)
kyoryo	tenkenkekka202603.pdf	橋梁点検結果 (PDF形式、155.08KB)	https://www.town.shiga-hino.lg.jp/cmsfiles/contents/0000003/3608/tenkenkekka202603.pdf	158803	5974d417999ab8858929cb80cd030e9af31dabc28bc6ccb9ce686bff9eab869d	4	5056	2026-10-10	橋梁点検結果(2026.3)
tsugakuro	honpen.pdf	日野町通学路等交通安全プログラム.pdf （サイズ：7.18MB)	https://www.town.shiga-hino.lg.jp/cmsfiles/contents/0000004/4863/tuupuro.pdf	7524293	3d7ab9860906396b62525cbfd58c8c64c29f1ca6c6002deb412a425437cb5cd7	15	5734	2026-10-10	
kankyo	honpen.pdf	日野町環境基本計画 (PDF形式、11.77MB)	https://www.town.shiga-hino.lg.jp/cmsfiles/contents/0000008/8267/kankyoukeikaku.pdf	12343860	bd788810f10ae94b659951aae82ed1411599ab4136ebc4df6526f1eeecb6cbf4	94	70214	2026-10-10	
kankyo	gaiyo.pdf	日野町環境基本計画概要版 (PDF形式、1.13MB)	https://www.town.shiga-hino.lg.jp/cmsfiles/contents/0000008/8267/kankyoukeikakugaiyou.pdf	1185392	d3420ef077f9f83387cc1fe193159f8b93e2d4a4f3f3c6b34aead1c950e323f7	4	4816	2026-10-10	
midori	honpen.pdf	日野町緑の基本計画 (PDF形式、6.52MB)	https://www.town.shiga-hino.lg.jp/cmsfiles/contents/0000008/8540/midorinokihonkeikaku.pdf	6835814	8701dd01b65ab4ccef2506c4c7848cbb9e670e5123098b07cc1c034070c62515	94	52883	2026-10-10	
midori	gaiyo.pdf	日野町緑の基本計画（概要版）(PDF形式、1.29MB)	https://www.town.shiga-hino.lg.jp/cmsfiles/contents/0000008/8540/gaiyouban.pdf	918622	a7679a3ddfe53fde884c8c652526e1e3048fa007c2d9aaa500bd77c98caf41eb	4	3209	2026-10-10	
bunbetsu	honpen.pdf	日野町分別収集計画（第11期） (PDF形式、386.77KB)	https://www.town.shiga-hino.lg.jp/cmsfiles/contents/0000008/8347/kankyou.pdf	396055	177030814997a34be919e7d56fe86f9e344a2b6cb5c5ff0876d1ebdb8b3db42f	8	6204	2026-10-10	
kaigo9	honpen.pdf	日野町高齢者福祉計画・介護保険事業計画書 (PDF形式、2.41MB)	https://www.town.shiga-hino.lg.jp/cmsfiles/contents/0000007/7687/honpen.pdf	2522944	c62b86a635db16ec01931a21a5db003bceec55ca8106a9bf46525bb87e1d2a00	86	72725	2026-10-10	
kaigo9	gaiyo.pdf	日野町高齢者福祉計画・介護保険事業計画概要版 (PDF形式、4.10MB)	https://www.town.shiga-hino.lg.jp/cmsfiles/contents/0000007/7687/gaiyouban.pdf	4297170	0e7f511fb8705651968b877c305ab4ae26399f1f71d776c5fa390ee5eb831623	12	8722	2026-10-10	
shogai-keikaku	honpen.pdf	第3期日野町障がい者計画(PDF形式、1.85MB)	https://www.town.shiga-hino.lg.jp/cmsfiles/contents/0000004/4126/keikaku1.pdf	1936652	4b82f7ec5f7a75eebf58885164d11a40b9259a333b8042454f4fac61dafe8605	75	48760	2026-10-10	掲載ページは shogai-fukushi7 と共通
shogai-keikaku	gaiyo.pdf	第3期日野町障がい者計画・第7期日野町障がい福祉計画・第3期日野町障がい児福祉計画概要版(PDF形式、2.72MB)	https://www.town.shiga-hino.lg.jp/cmsfiles/contents/0000004/4126/keikaku3.pdf	2848989	ac3920faeeea668cb910e53849a6ca320c440a38b193391276c9062246444db0	8	4833	2026-10-10	両計画に共通の概要版
shogai-fukushi7	honpen.pdf	第7期日野町障がい福祉計画・第3期日野町障がい児福祉計画(PDF形式、1.59MB)	https://www.town.shiga-hino.lg.jp/cmsfiles/contents/0000004/4126/keikaku2.pdf	1664351	2c8f44e46f2fdd55f4344b78b6fed4046a0d09fc8c223a4c1f54ef5ae42b64b6	51	30695	2026-10-10	掲載ページは shogai-keikaku と共通
shogai-fukushi7	gaiyo.pdf	第3期日野町障がい者計画・第7期日野町障がい福祉計画・第3期日野町障がい児福祉計画概要版(PDF形式、2.72MB)	https://www.town.shiga-hino.lg.jp/cmsfiles/contents/0000004/4126/keikaku3.pdf	2848989	ac3920faeeea668cb910e53849a6ca320c440a38b193391276c9062246444db0	8	4833	2026-10-10	両計画に共通の概要版
chiiki-fukushi4	gaiyo-01.pdf	計画の概要①.pdf(サイズ：1.41MB)	https://www.town.shiga-hino.lg.jp/cmsfiles/contents/0000005/5894/gaiyou1.pdf	1475126	6907689eb5c6b3b54e07250fce81dff5dc67012fb928e54a1c6f1978f94c9e8e	8	2968	2026-10-10	概要版が2ファイルに分割(リンク順に gaiyo-01・gaiyo-02)
chiiki-fukushi4	gaiyo-02.pdf	計画の概要②.pdf(サイズ：1.02MB)	https://www.town.shiga-hino.lg.jp/cmsfiles/contents/0000005/5894/gaiyou2.pdf	1068204	762d5076dc2b1c4ef314ce3ffb090b3f0d679df5f47597c3e1f5e8478b113013	2	3113	2026-10-10	
chiiki-fukushi4	honpen.pdf	計画全文.pdf(サイズ：1.88MB)	https://www.town.shiga-hino.lg.jp/cmsfiles/contents/0000005/5894/plan.pdf	1969873	5561f3e24b36f431f883c67d8ed5e68ca69c23f4a5e65c9021ddc2349ffb828a	56	35838	2026-10-10	
kenko-shokuiku4	honpen.pdf	日野町健康づくり・食育計画（第4期）(pdf サイズ：3.35MB)	https://www.town.shiga-hino.lg.jp/cmsfiles/contents/0000005/5873/keikaku.pdf	3507998	5afc680aa78a96622617d41adefaebc99cea690e3cbfa070242c7147d1a71841	92	57565	2026-10-10	
kenko-shokuiku4	gaiyo.pdf	日野町健康づくり・食育計画（第4期）概要版(pdf サイズ：7.57MB)	https://www.town.shiga-hino.lg.jp/cmsfiles/contents/0000005/5873/keikakugaiyoubann.pdf	7933229	4907dacb68ad7e75ad934686aa77a164eda8ab0eb0efc4b11682ff0217bc865d	8	5554	2026-10-10	1〜3ページは文字化け(OCRが必要)
inochi2	honpen.pdf	日野町いのちと生活を守るネットワーク計画 (PDF形式、2.06MB)	https://www.town.shiga-hino.lg.jp/cmsfiles/contents/0000007/7615/1.pdf	2155276	adef30307fd20978e8ede7a7bb68e348d63b20979642c0094782305d6d229497	53	42495	2026-10-10	
katsuyaku-cho	honpen.pdf	日野町障がい者活躍推進計画（町長部局） .pdf(PDF形式、145.53KB)	https://www.town.shiga-hino.lg.jp/cmsfiles/contents/0000004/4894/katsuyakusuishincho.pdf	149024	63b0b9deae526041f0611c1b8ff0083a900a6b959e70092dd45d6a73a66de179	7	2605	2026-10-10	
katsuyaku-kyo	honpen.pdf	日野町障がい者活躍推進計画（教育委員会部局） (PDF形式、148.35KB)	https://www.town.shiga-hino.lg.jp/cmsfiles/contents/0000004/4902/suisinkeikaku_kyoui.pdf	151914	46608512c4263b09df4ec3ddb01c5a858e68be66b474b964905839233c07b593	7	2684	2026-10-10	
kyoiku4	honpen-01.pdf	第4期 日野町教育振興基本計画（表紙・目次）(PDF形式、167.68KB)	https://www.town.shiga-hino.lg.jp/cmsfiles/contents/0000008/8163/shikoukihon_4h.pdf	171708	483c57b23b77f81aff782b6e6014009576d22730741868b434d7273821176ac8	2	1589	2026-10-10	表紙・目次
kyoiku4	honpen-02.pdf	第4期 日野町教育振興基本計画（本文） (PDF形式、1.03MB)	https://www.town.shiga-hino.lg.jp/cmsfiles/contents/0000008/8163/shikoukihon_4m.pdf	1075822	15995eac8f713656021057f531ad7f2e9e381255becccccef8ea75022e73a730	27	25058	2026-10-10	本文
kyoiku3	honpen.pdf	第3期 日野町教育振興基本計画	https://www.town.shiga-hino.lg.jp/cmsfiles/contents/0000005/5265/dai3ki(2020).pdf	3428057	6544d7dfd71f59afcfb4f5d6a14ea9237c5570d9a942c77446821b4eb007b3ec	35	27717	2026-10-10	
kodomo	honpen.pdf	第3期日野町子ども・子育て支援事業計画 (PDF形式、3.23MB)	https://www.town.shiga-hino.lg.jp/cmsfiles/contents/0000005/5154/3keikaku.pdf	3386543	74a7f640fe5d223632a3c1813790988e63235294cfcacd0d700719952a554c58	90	67297		
kodomo	gaiyo.pdf	第3期日野町子ども・子育て支援事業計画（概要版） (PDF形式、1.93MB)	https://www.town.shiga-hino.lg.jp/cmsfiles/contents/0000005/5154/gaiyou.pdf	2022065	55f06704627cfa796723c0c4b9d8af4a7dafff47e9898122c7f472c73dc65e6d	5	5737	2026-10-10	本台帳の作成時に追加で取得(honpen.pdf は既存)
youho	honpen.pdf	日野町幼児教育保育施設再編整備計画 (PDF形式、3.58MB)	https://www.town.shiga-hino.lg.jp/cmsfiles/contents/0000008/8225/syuusei.pdf	3753342	13fca32ec054466900df21e87822bdc3deef978c019792c436a32110108869c0	39	23672	2026-10-10	
bunkazai	honpen-01.pdf	表紙・目次 (PDF形式、389.11KB)	https://www.town.shiga-hino.lg.jp/cmsfiles/contents/0000008/8039/hino-bunkazaikeikaku_00.pdf	398446	d532644f7a8751d37049bc363ca88b8cf9ee54b1b79987ad74b5ffbcece9fb41	4	2931	2026-10-10	
bunkazai	honpen-02.pdf	序章 はじめに (PDF形式、5.10MB)	https://www.town.shiga-hino.lg.jp/cmsfiles/contents/0000008/8039/hino-bunkazaikeikaku_10.pdf	5350892	7020c31e2e35703d8e4a04b4b25a42cad3d9cde86178f3ad5aa677f4529ff4be	18	13578	2026-10-10	
bunkazai	honpen-03.pdf	第1章 日野町の概要 (PDF形式、10.24MB)	https://www.town.shiga-hino.lg.jp/cmsfiles/contents/0000008/8039/hino-bunkazaikeikaku_11.pdf	10740540	f70ee88ba8a49954daf123ba0bf0fcb4f49b74d85de90e34d8c56041c5e1060d	28	20464	2026-10-10	
bunkazai	honpen-04.pdf	第2章 日野町の文化財 (PDF形式、9.74MB)	https://www.town.shiga-hino.lg.jp/cmsfiles/contents/0000008/8039/hino-bunkazaikeikaku_12.pdf	10213901	2858d6b53df1fd8ba2e543ba4a78674897e0566dba525611356c06dcbc36254c	23	14552	2026-10-10	
bunkazai	honpen-05.pdf	第3章 日野町の歴史文化の特性 (PDF形式、2.96MB)	https://www.town.shiga-hino.lg.jp/cmsfiles/contents/0000008/8039/hino-bunkazaikeikaku_13.pdf	3100034	eb4225e33f986791bcfc284999772aa138c64ba425d0f7e2770431eb5ef87c0b	20	14291	2026-10-10	
bunkazai	honpen-06.pdf	第4章 文化財(日野の"たから")に関する既往の取組 (PDF形式、4.05MB)	https://www.town.shiga-hino.lg.jp/cmsfiles/contents/0000008/8039/hino-bunkazaikeikaku_14.pdf	4241964	092605cdd2e663a60074d4ce5f2dff123ac612d5d5d2a4aff2e7c94494abf5e1	14	10003	2026-10-10	
bunkazai	honpen-07.pdf	第5章 文化財(日野の"たから")の保存・活用の将来像 (PDF形式、1.39MB)	https://www.town.shiga-hino.lg.jp/cmsfiles/contents/0000008/8039/hino-bunkazaikeikaku_15.pdf	1458882	e9e914abb3a79e8b810b9a51c76c5e868a534ccb3ad16daa019598267a73d51a	4	1220	2026-10-10	
bunkazai	honpen-08.pdf	第6章 文化財の保存・活用に関する課題と方針 (PDF形式、1.08MB)	https://www.town.shiga-hino.lg.jp/cmsfiles/contents/0000008/8039/hino-bunkazaikeikaku_16.pdf	1129217	2cde7ec409644a8b0421bc5199ad4252f910925fb756263ba0d82d237d3f2571	10	7051	2026-10-10	
bunkazai	honpen-09.pdf	第7章 文化財の保存・活用の措置 (PDF形式、1.46MB)	https://www.town.shiga-hino.lg.jp/cmsfiles/contents/0000008/8039/hino-bunkazaikeikaku_17.pdf	1530439	1a6f5015b63063adad5ac9d6057c33b20b54fbaff4f86d1c41540e8d647e7c77	20	13141	2026-10-10	
bunkazai	honpen-10.pdf	第8章 文化財の保存・活用の推進体制 (PDF形式、2.20MB)	https://www.town.shiga-hino.lg.jp/cmsfiles/contents/0000008/8039/hino-bunkazaikeikaku_18.pdf	2308304	8fc317051f7d43be209a3ed46f53a3594a8cdc06ffb610d7cad5ad3e2dee1971	9	4992	2026-10-10	
bunkazai	shiryo.pdf	資料編 (PDF形式、4.00MB)	https://www.town.shiga-hino.lg.jp/cmsfiles/contents/0000008/8039/hino-bunkazaikeikaku_20.pdf	4191324	89ac244df0196f12e7d1fe0803179ba1518542f3d5a895b625be89136995ce98	94	132625	2026-10-10	
bunkazai	hino-bunkazaikeikaku_ppt.pdf	報道発表資料 (PDF形式、2.06MB)	https://www.town.shiga-hino.lg.jp/cmsfiles/contents/0000008/8039/hino-bunkazaikeikaku_ppt.pdf	2155355	9b6785c7758511d4f450b43868ad96ed87d019ef5a2d8dfb310237fe5343e80a	2	3079	2026-10-10	報道発表資料
bosai	honpen-01.pdf	日野町地域防災計画（地震災害対策・風水害対策編）(PDF形式、5.51MB)	https://www.town.shiga-hino.lg.jp/cmsfiles/contents/0000003/3126/r5tiikibousaikeikaku(zisinn.huusuigai).pdf	5782628	4c0e5f94fbd8a617314fda2964937722540b825b14ef08d15a8c684852a11bb7	267	196235	2026-10-10	地震災害対策・風水害対策編
bosai	honpen-02.pdf	日野町地域防災計画（原子力災害対策編)(PDF形式、1.32MB)	https://www.town.shiga-hino.lg.jp/cmsfiles/contents/0000003/3126/r5tiikibousaikeikaku(gennsiryokusaigai).pdf	1385646	a8a21c812261a5311bc1b8929d3ac320bb7da49fdab39d78c04fcf23816a8321	50	36497	2026-10-10	原子力災害対策編
kyojin	honpen.pdf	日野町国土強靭化地域計画（令和6年度策定） (PDF形式、1.43MB)	https://www.town.shiga-hino.lg.jp/cmsfiles/contents/0000005/5150/hino_kokudo_R7.3.pdf	1495130	a22478f33dfc60be37bac7c5ac3285c6b33a506107986fb10ab44dd9802248df	45	34575	2026-10-10	令和6年度策定(現行)
kyojin	kokudokyoujinnkatiikikeikaku.pdf	日野町国土強靭化地域計画（令和2年6月策定） (PDF形式、1.44MB)	https://www.town.shiga-hino.lg.jp/cmsfiles/contents/0000005/5150/kokudokyoujinnkatiikikeikaku.pdf	1506169	1fe2574742a163a1afe5ce606756005fe50af0442190d0189e1f3d6025486e14	44	34817	2026-10-10	旧版(令和2年6月策定)
kokyo-kanri	honpen.pdf	「日野町公共施設等総合管理計画」 (令和4年3月改定版)	https://www.town.shiga-hino.lg.jp/cmsfiles/contents/0000003/3748/sisetukanrikeikaku.pdf	2764333	89026f2bacb7725812d55e73a7ec48606a1c5c20ff4cd7d33b9f37a772d31ddb	54	34209		
suido2	honpen.pdf	第2次日野町水道ビジョン (.pdf サイズ：2.80MB)	https://www.town.shiga-hino.lg.jp/cmsfiles/contents/0000005/5590/dainizisuidoubizyonn.pdf	2934595	56987b5a0ba2428a1b4e531288065c19c236259d425259743535300c950ef1ac	68	31649	2026-10-10	
security	honpen.pdf	日野町情報セキュリティポリシー.PDF（499.88KB）	https://www.town.shiga-hino.lg.jp/cmsfiles/contents/0000008/8676/20260318_securitypolicy.pdf	511882	e355c4ab6b29d45375ce95fc0132a93202ec9cf7c506794a1992ad32c4650a04	10	9240	2026-10-10	
tokutei-jigyo	honpen.pdf	特定事業主行動計画.pdf(PDF形式、211.53KB)	https://www.town.shiga-hino.lg.jp/cmsfiles/contents/0000003/3356/koudoukeikaku.pdf	216607	e9eedca12357115bb5b5791d8d89064f5a5f2867a7f4bcedac740da5353d6a86	15	7486	2026-10-10	
tokutei-jigyo	sincyokur6.pdf	特定事業主行動計画の数値目標に係る進捗状況.pdf(PDF形式、36.94KB)	https://www.town.shiga-hino.lg.jp/cmsfiles/contents/0000003/3356/sincyokuR6.pdf	37825	6aa0ea2ec7921c9c02e12abf36d9f6fbdf8b2394adc454ce112227e9942b998e	1	386	2026-10-10	数値目標の進捗状況
tokutei-jigyo	h28-houdai17joukouhyou.pdf	女性の職業選択に資する情報（H28.7）.pdf（125.15KB）	https://www.town.shiga-hino.lg.jp/cmsfiles/contents/0000003/3356/H28-houdai17joukouhyou.pdf	128150	487ffdf9531a67a88ff35e029ee248f7915cbee08b5cccd17fd472f91d197fa0	2	974	2026-10-10	女性活躍推進法に基づく「女性の職業選択に資する情報」の公表(計画本体ではない)
tokutei-jigyo	h29-houdai17jou1.pdf	女性の職業選択に資する情報（H29.7）.pdf（128.32KB）	https://www.town.shiga-hino.lg.jp/cmsfiles/contents/0000003/3356/H29-houdai17jou1.pdf	131397	d343f64ddff0b1440db9b38fd077d789f00068f1dc4b4035b142753df2cd1a5b	2	986	2026-10-10	女性活躍推進法に基づく「女性の職業選択に資する情報」の公表(計画本体ではない)
tokutei-jigyo	h30-houdai17jou1.pdf	女性の職業選択に資する情報（H30.7）.pdf（128.33KB）	https://www.town.shiga-hino.lg.jp/cmsfiles/contents/0000003/3356/H30-houdai17jou1.pdf	131414	1375e8ca6d602648464499a7cb0a80c74dd85325d100f308fc3aad9249817357	2	990	2026-10-10	女性活躍推進法に基づく「女性の職業選択に資する情報」の公表(計画本体ではない)
tokutei-jigyo	r01-houdai17jou.pdf	女性の職業選択に資する情報（R1.7）.pdf（135.35KB）	https://www.town.shiga-hino.lg.jp/cmsfiles/contents/0000003/3356/R01-houdai17jou.pdf	138596	1e044ab78adbca7a833fe2548f13c9342f0d8072d72e2fbf6067a3d119dc8980	2	992	2026-10-10	女性活躍推進法に基づく「女性の職業選択に資する情報」の公表(計画本体ではない)
tokutei-jigyo	r2-houdai21jou.pdf	女性の職業選択に資する情報（R2.7）.pdf（244.97KB）	https://www.town.shiga-hino.lg.jp/cmsfiles/contents/0000003/3356/R2-houdai21jou.pdf	250853	9702ae217df39726ffda21bcb8738d8113edebfa0e26a1d4fe0960900e10ce3a	5	2490	2026-10-10	女性活躍推進法に基づく「女性の職業選択に資する情報」の公表(計画本体ではない)
tokutei-jigyo	r3-21jou.pdf	女性の職業選択に資する情報（R3.7）.pdf（245.04KB）	https://www.town.shiga-hino.lg.jp/cmsfiles/contents/0000003/3356/R3-21jou.pdf	250923	6054fc1ab006a9e6464b9748ac1e330a261c9656ce83e5ecf6939ee48b87db42	5	2490	2026-10-10	女性活躍推進法に基づく「女性の職業選択に資する情報」の公表(計画本体ではない)
tokutei-jigyo	r4-21jou.pdf	女性の職業選択に資する情報（R4.7）.pdf（234.39KB)	https://www.town.shiga-hino.lg.jp/cmsfiles/contents/0000003/3356/R4-21jou.pdf	240014	0123fdcd6d1de64d4732569205a4da7c49ff753253126f0d53e9b4764c26563e	5	2489	2026-10-10	女性活躍推進法に基づく「女性の職業選択に資する情報」の公表(計画本体ではない)
tokutei-jigyo	21jour5.pdf	女性の職業選択に資する情報（R5.6）.pdf (266.89KB)	https://www.town.shiga-hino.lg.jp/cmsfiles/contents/0000003/3356/21jouR5.pdf	273297	8ecf1a92055be05cdf8663db72d39724db23b3ebffe2182ad4a5f0ff5af98025	6	2884	2026-10-10	女性活躍推進法に基づく「女性の職業選択に資する情報」の公表(計画本体ではない)
tokutei-jigyo	21jour6.pdf	女性の職業選択に資する情報（R6.6）.pdf(265.45KB)	https://www.town.shiga-hino.lg.jp/cmsfiles/contents/0000003/3356/21jouR6.pdf	271816	5099e2ffb620c74e1a0fe0978c2dab8871757735478a113aa770b0aa62204227	6	2815	2026-10-10	女性活躍推進法に基づく「女性の職業選択に資する情報」の公表(計画本体ではない)
tokutei-jigyo	21jour7.pdf	女性の職業選択に資する情報（R7.6）.pdf(109.69KB)	https://www.town.shiga-hino.lg.jp/cmsfiles/contents/0000003/3356/21jouR7.pdf	112322	a128700b55995bf61c7f479e14c7009f09523d66e9e6385f55aded9d35af99e1	6	2802	2026-10-10	女性活躍推進法に基づく「女性の職業選択に資する情報」の公表(計画本体ではない)
tokutei-jigyo	21jour8.pdf	女性の職業選択に資する情報（R8.7）.pdf (159.04KB)	https://www.town.shiga-hino.lg.jp/cmsfiles/contents/0000003/3356/21jouR8.pdf	162861	01b87f98239c8c2abde288ba89cd549a5c616ec95d7f536d510a6dd075101fcc	6	2832	2026-10-10	女性活躍推進法に基づく「女性の職業選択に資する情報」の公表(計画本体ではない)
nogyo-tamen	honpen.pdf	農業の有する多面的機能の発揮の促進に関する計画(PDF形式、178.03KB)	https://www.town.shiga-hino.lg.jp/cmsfiles/contents/0000008/8911/nougyouniyuusuru.pdf	182301	a6317771cc29fb978b1616a713c5b6a621db05335067b0ce4605f68297eab736	2	1581	2026-10-10	
nogyo-tamen	bessikuikizu1gou3gou.pdf	別紙「区域図（1号事業_3号事業）」.pdf（サイズ：6.58MB)	https://www.town.shiga-hino.lg.jp/cmsfiles/contents/0000008/8911/bessikuikizu1gou3gou.pdf	6904724	b9d88cdeffbaca042ddf4452d2b01352927d45bbe628be5fef5892f152c23699	1	0	2026-10-10	別紙(区域図)。文字なし(OCRが必要)
nogyo-tamen	bessikuikizu2gou.pdf	別紙「区域図（2号事業）」.pdf（サイズ：853.06KB)	https://www.town.shiga-hino.lg.jp/cmsfiles/contents/0000008/8911/bessikuikizu2gou.pdf	873537	ebe70e05f78b73b1d92e5eb2a3d93e14ca203288b88182cb6bb71adb91712650	1	28	2026-10-10	別紙(区域図)。文字なし(OCRが必要)
nogyo-tamen	marugoto(r5).pdf	多面的機能発揮促進事業に関する計画の概要：令和5年度(PDF形式、407.47KB)	https://www.town.shiga-hino.lg.jp/cmsfiles/contents/0000008/8911/marugoto(R5).pdf	417245	96cb5943ba965f1cd21df6b5d7e5cdacce7e4dc7dd17a0344bff3e5ec72a26f1	1	204	2026-10-10	多面的機能発揮促進事業に関する計画の概要(年度版)
nogyo-tamen	marugoto(r6).pdf	多面的機能発揮促進事業に関する計画の概要：令和6年度(PDF形式、437.39KB)	https://www.town.shiga-hino.lg.jp/cmsfiles/contents/0000008/8911/marugoto(R6).pdf	447883	e1b5421a92397d3381774a951cfad1a4d8a05c6f3481918babe91e7f4f3e0dba	1	344	2026-10-10	多面的機能発揮促進事業に関する計画の概要(年度版)
nogyo-tamen	marugoto(r7).pdf	多面的機能発揮促進事業に関する計画の概要：令和7年度(PDF形式、549.46KB)	https://www.town.shiga-hino.lg.jp/cmsfiles/contents/0000008/8911/marugoto(R7).pdf	562652	09a6b39e1efe597db06362c4a234f37e6559c8c11fe2e3ad486fcd9fdeeec0fc	2	1264	2026-10-10	多面的機能発揮促進事業に関する計画の概要(年度版)
nogyo-tamen	marugoto(r8).pdf	多面的機能発揮促進事業に関する計画の概要：令和8年度 (PDF形式、413.83KB)	https://www.town.shiga-hino.lg.jp/cmsfiles/contents/0000008/8911/marugoto(R8).pdf	423762	367781d7e08c7666ae6d1260f306ff348bea134233061e90c68ebadaa56166b0	1	227	2026-10-10	多面的機能発揮促進事業に関する計画の概要(年度版)
nogyo-tamen	2(r7).pdf	多面的機能発揮促進事業に関する計画の概要：令和7年度(PDF形式、436.03KB) (PDF形式、436.03KB)	https://www.town.shiga-hino.lg.jp/cmsfiles/contents/0000008/8911/2(R7).pdf	446490	b6fe2a9690eb33728692e451c88274c17287435fc76b02b992430b008bee2e1e	1	643	2026-10-10	多面的機能発揮促進事業に関する計画の概要(年度版)
nogyo-tamen	3(r7).pdf	多面的機能発揮促進事業に関する計画の概要：令和7年度(PDF形式、57.99KB)	https://www.town.shiga-hino.lg.jp/cmsfiles/contents/0000008/8911/3(R7).pdf	59384	63beabd433f66ec4c8ed83deca27f6980675370a10b7b43407b887dc582d3e24	1	356	2026-10-10	多面的機能発揮促進事業に関する計画の概要(年度版)
shinrin	honpen.pdf	日野町森林整備計画(PDF形式、2.78MB)	https://www.town.shiga-hino.lg.jp/cmsfiles/contents/0000008/8410/hinotyousinnrinnseibikeikaku(R5.4.1).pdf	2916921	c58b525966ae4f66400dd1a947dce86bfa16e69286f227bd73b03477b11e343a	33	28521	2026-10-10	
chiiki-nogyo									掲載ページに計画の文書なし(地域計画変更の様式 change_plandoc.docx と参考の農地一覧表 2.noutilist.xlsx だけ。様式は計画の文書でないので取得せず)
seibutsu	honpen.pdf	日野町農業における生物多様性保全に関する計画(サイズ：195.51KB)	https://www.town.shiga-hino.lg.jp/cmsfiles/contents/0000003/3301/tayouseihozonn-keikaku.pdf	200204	5c9cec05edf8870a49c7914e12704191566026e2056fe2634829daf2421804aa	3	2301	2026-10-10	
kanbatsu									掲載ページに文書なし(「計画の内容については農林課窓口で閲覧できます」)
