id	name	page_url	link_text	pdf_url	size
sogo6	第6次日野町総合計画	https://www.town.shiga-hino.lg.jp/0000001791.html	はじめに～第1部 序論.pdf サイズ：8.64MB	https://www.town.shiga-hino.lg.jp/cmsfiles/contents/0000001/1791/01.pdf	8.64MB
sogo6	第6次日野町総合計画	https://www.town.shiga-hino.lg.jp/0000001791.html	第2部 基本構想.pdf サイズ：6.83MB	https://www.town.shiga-hino.lg.jp/cmsfiles/contents/0000001/1791/02.pdf	6.83MB
sogo6	第6次日野町総合計画	https://www.town.shiga-hino.lg.jp/0000001791.html	第3部 基本計画 分野①～⑧.pdf サイズ：9.57MB	https://www.town.shiga-hino.lg.jp/cmsfiles/contents/0000001/1791/03.pdf	9.57MB
sogo6	第6次日野町総合計画	https://www.town.shiga-hino.lg.jp/0000001791.html	第3部 基本計画 分野⑨～㉑.pdf サイズ：10.41MB	https://www.town.shiga-hino.lg.jp/cmsfiles/contents/0000001/1791/04.pdf	10.41MB
sogo6	第6次日野町総合計画	https://www.town.shiga-hino.lg.jp/0000001791.html	第3部 基本計画 分野㉒～㉞.pdf サイズ：10.29MB	https://www.town.shiga-hino.lg.jp/cmsfiles/contents/0000001/1791/05.pdf	10.29MB
sogo6	第6次日野町総合計画	https://www.town.shiga-hino.lg.jp/0000001791.html	第4部 計画の推進.pdf サイズ：6.31MB	https://www.town.shiga-hino.lg.jp/cmsfiles/contents/0000001/1791/06.pdf	6.31MB
sogo6	第6次日野町総合計画	https://www.town.shiga-hino.lg.jp/0000001791.html	第5部 住民参画～資料編.pdf サイズ：11.18MB	https://www.town.shiga-hino.lg.jp/cmsfiles/contents/0000001/1791/07.pdf	11.18MB
sogo6	第6次日野町総合計画	https://www.town.shiga-hino.lg.jp/0000001791.html	ダイジェスト版.pdf サイズ：10.19MB	https://www.town.shiga-hino.lg.jp/cmsfiles/contents/0000001/1791/2.pdf	10.19MB
jisshi	第6次総合計画 実施計画	https://www.town.shiga-hino.lg.jp/0000005740.html	第6次日野町総合計画実施計画（令和8年度から令和10年度） (PDF形式、551.41KB)	https://www.town.shiga-hino.lg.jp/cmsfiles/contents/0000005/5740/8-10.pdf	551.41KB
jisshi	第6次総合計画 実施計画	https://www.town.shiga-hino.lg.jp/0000005740.html	第6次日野町総合計画実施計画（令和7年度から令和9年度） (PDF形式、603.67KB)	https://www.town.shiga-hino.lg.jp/cmsfiles/contents/0000005/5740/R7-R9jissikeikaku.pdf	603.67KB
jisshi	第6次総合計画 実施計画	https://www.town.shiga-hino.lg.jp/0000005740.html	第6次日野町総合計画実施計画（令和6年度から令和8年度） (PDF形式、597.67KB)	https://www.town.shiga-hino.lg.jp/cmsfiles/contents/0000005/5740/jissikeikaku_R6-R8.pdf	597.67KB
jisshi	第6次総合計画 実施計画	https://www.town.shiga-hino.lg.jp/0000005740.html	第6次日野町総合計画実施計画（令和5年度から令和7年度） (PDF形式、593.39KB)	https://www.town.shiga-hino.lg.jp/cmsfiles/contents/0000005/5740/R5-R7.pdf	593.39KB
jisshi	第6次総合計画 実施計画	https://www.town.shiga-hino.lg.jp/0000005740.html	第6次日野町総合計画実施計画（令和4年度から令和6年度） (PDF形式、406.26KB)	https://www.town.shiga-hino.lg.jp/cmsfiles/contents/0000005/5740/2.pdf	406.26KB
jisshi	第6次総合計画 実施計画	https://www.town.shiga-hino.lg.jp/0000005740.html	第6次日野町総合計画実施計画（令和3年度から令和5年度） (PDF形式、600.19KB)	https://www.town.shiga-hino.lg.jp/cmsfiles/contents/0000005/5740/1.pdf	600.19KB
senryaku2	第2期 くらし安心ひとづくり総合戦略	https://www.town.shiga-hino.lg.jp/0000005742.html	日野町くらし安心ひとづくり総合戦略（第2期：令和3年度から令和7年度）令和6年3月改訂版(PDF形式、1.70MB)	https://www.town.shiga-hino.lg.jp/cmsfiles/contents/0000005/5742/2.pdf	1.70MB
senryaku2	第2期 くらし安心ひとづくり総合戦略	https://www.town.shiga-hino.lg.jp/0000005742.html	日野町くらし安心ひとづくり総合戦略（第2期：令和3年度から令和7年度）新旧対照表(PDF形式、213.95KB)	https://www.town.shiga-hino.lg.jp/cmsfiles/contents/0000005/5742/R6.3taisyouhyou.pdf	213.95KB
senryaku2	第2期 くらし安心ひとづくり総合戦略	https://www.town.shiga-hino.lg.jp/0000005742.html	日野町くらし安心ひとづくり総合戦略（第2期：令和3年度から令和7年度）令和4年12月改訂版.pdf (サイズ：1.06MB)	https://www.town.shiga-hino.lg.jp/cmsfiles/contents/0000005/5742/sougousenryaku2_R4.12ver.pdf	1.06MB
senryaku2	第2期 くらし安心ひとづくり総合戦略	https://www.town.shiga-hino.lg.jp/0000005742.html	日野町くらし安心ひとづくり総合戦略（第2期：令和3年度から令和7年度）.pdf サイズ：1.52MB	https://www.town.shiga-hino.lg.jp/cmsfiles/contents/0000005/5742/1.pdf	1.52MB
kokudoriyou	日野町国土利用計画	https://www.town.shiga-hino.lg.jp/0000001653.html	日野町国土利用計画（第6次）.pdf サイズ：3.64MB	https://www.town.shiga-hino.lg.jp/cmsfiles/contents/0000001/1653/001.pdf	3.64MB
kokudoriyou	日野町国土利用計画	https://www.town.shiga-hino.lg.jp/0000001653.html	日野町国土利用計画（第6次）【資料編】.pdf サイズ：5.17MB	https://www.town.shiga-hino.lg.jp/cmsfiles/contents/0000001/1653/002.pdf	5.17MB
partner	男女共同参画行動計画「ひのパートナープラン2019」	https://www.town.shiga-hino.lg.jp/0000001643.html	◆表紙・はじめに・目次(PDF形式、111.56KB)	https://www.town.shiga-hino.lg.jp/cmsfiles/contents/0000001/1643/koukihyoushi.pdf	111.56KB
partner	男女共同参画行動計画「ひのパートナープラン2019」	https://www.town.shiga-hino.lg.jp/0000001643.html	◆第1章 計画策定の趣旨(PDF形式、177.31KB)	https://www.town.shiga-hino.lg.jp/cmsfiles/contents/0000001/1643/kouki1.pdf	177.31KB
partner	男女共同参画行動計画「ひのパートナープラン2019」	https://www.town.shiga-hino.lg.jp/0000001643.html	◆第2章 計画の位置づけと期間(PDF形式、177.21KB)	https://www.town.shiga-hino.lg.jp/cmsfiles/contents/0000001/1643/kouki2.pdf	177.21KB
partner	男女共同参画行動計画「ひのパートナープラン2019」	https://www.town.shiga-hino.lg.jp/0000001643.html	◆第3章 計画策定の背景(PDF形式、1.70MB)	https://www.town.shiga-hino.lg.jp/cmsfiles/contents/0000001/1643/kouki3.pdf	1.70MB
partner	男女共同参画行動計画「ひのパートナープラン2019」	https://www.town.shiga-hino.lg.jp/0000001643.html	◆第4章 計画の基本理念・基本目標(PDF形式、177.78KB)	https://www.town.shiga-hino.lg.jp/cmsfiles/contents/0000001/1643/kouki4.pdf	177.78KB
partner	男女共同参画行動計画「ひのパートナープラン2019」	https://www.town.shiga-hino.lg.jp/0000001643.html	◆第5章 施策の方向と内容(PDF形式、658.75KB)	https://www.town.shiga-hino.lg.jp/cmsfiles/contents/0000001/1643/kouki5.pdf	658.75KB
partner	男女共同参画行動計画「ひのパートナープラン2019」	https://www.town.shiga-hino.lg.jp/0000001643.html	◆用語解説(PDF形式、235.29KB)	https://www.town.shiga-hino.lg.jp/cmsfiles/contents/0000001/1643/koukiyougo.pdf	235.29KB
partner	男女共同参画行動計画「ひのパートナープラン2019」	https://www.town.shiga-hino.lg.jp/0000001643.html	◆資料(PDF形式、1.59MB)	https://www.town.shiga-hino.lg.jp/cmsfiles/contents/0000001/1643/koukisiryou.pdf	1.59MB
partner	男女共同参画行動計画「ひのパートナープラン2019」	https://www.town.shiga-hino.lg.jp/0000001643.html	◆裏表紙(PDF形式、68.50KB)	https://www.town.shiga-hino.lg.jp/cmsfiles/contents/0000001/1643/koukiura.pdf	68.50KB
partner	男女共同参画行動計画「ひのパートナープラン2019」	https://www.town.shiga-hino.lg.jp/0000001643.html	「日野町男女共同参画行動計画 ひのパートナープラン2019」後期計画（概要版） (PDF形式、5.89MB)	https://www.town.shiga-hino.lg.jp/cmsfiles/contents/0000001/1643/keikakugaiyou.pdf	5.89MB
toshimaster	日野町都市計画マスタープラン	https://www.town.shiga-hino.lg.jp/0000006370.html	第0章 目次 (pdf サイズ：5.84MB)	https://www.town.shiga-hino.lg.jp/cmsfiles/contents/0000006/6370/0.pdf	5.84MB
toshimaster	日野町都市計画マスタープラン	https://www.town.shiga-hino.lg.jp/0000006370.html	第1章 序論 (pdf サイズ：12.19MB)	https://www.town.shiga-hino.lg.jp/cmsfiles/contents/0000006/6370/1.pdf	12.19MB
toshimaster	日野町都市計画マスタープラン	https://www.town.shiga-hino.lg.jp/0000006370.html	第2章 まちの現状と課題1-2 (pdf サイズ：44.93MB)	https://www.town.shiga-hino.lg.jp/cmsfiles/contents/0000006/6370/2-1.pdf	44.93MB
toshimaster	日野町都市計画マスタープラン	https://www.town.shiga-hino.lg.jp/0000006370.html	第2章 まちの現状と課題3-4 (pdf サイズ：34.43MB)	https://www.town.shiga-hino.lg.jp/cmsfiles/contents/0000006/6370/2-2.pdf	34.43MB
toshimaster	日野町都市計画マスタープラン	https://www.town.shiga-hino.lg.jp/0000006370.html	第2章 まちの現状と課題5-7 (pdf サイズ：44.03MB)	https://www.town.shiga-hino.lg.jp/cmsfiles/contents/0000006/6370/2-3.pdf	44.03MB
toshimaster	日野町都市計画マスタープラン	https://www.town.shiga-hino.lg.jp/0000006370.html	第2章 まちの現状と課題8-9 (pdf サイズ：31.76MB)	https://www.town.shiga-hino.lg.jp/cmsfiles/contents/0000006/6370/2-4.pdf	31.76MB
toshimaster	日野町都市計画マスタープラン	https://www.town.shiga-hino.lg.jp/0000006370.html	第2章 まちの現状と課題10-13 (pdf サイズ：25.35MB)	https://www.town.shiga-hino.lg.jp/cmsfiles/contents/0000006/6370/2-5.pdf	25.35MB
toshimaster	日野町都市計画マスタープラン	https://www.town.shiga-hino.lg.jp/0000006370.html	第3章 全体構想1-6 (pdf サイズ：21.87MB)	https://www.town.shiga-hino.lg.jp/cmsfiles/contents/0000006/6370/3-1.pdf	21.87MB
toshimaster	日野町都市計画マスタープラン	https://www.town.shiga-hino.lg.jp/0000006370.html	第3章 全体構想7(1)~(2) (pdf サイズ：28.49MB)	https://www.town.shiga-hino.lg.jp/cmsfiles/contents/0000006/6370/3-2.pdf	28.49MB
toshimaster	日野町都市計画マスタープラン	https://www.town.shiga-hino.lg.jp/0000006370.html	第3章 全体構想7(3)~(7) (pdf サイズ：34.36MB)	https://www.town.shiga-hino.lg.jp/cmsfiles/contents/0000006/6370/3-3.pdf	34.36MB
toshimaster	日野町都市計画マスタープラン	https://www.town.shiga-hino.lg.jp/0000006370.html	第4章 地域別構想1-2(1) (pdf サイズ：24.72MB)	https://www.town.shiga-hino.lg.jp/cmsfiles/contents/0000006/6370/4-1.pdf	24.72MB
toshimaster	日野町都市計画マスタープラン	https://www.town.shiga-hino.lg.jp/0000006370.html	第4章 地域別構想2(2) (pdf サイズ：17.33MB)	https://www.town.shiga-hino.lg.jp/cmsfiles/contents/0000006/6370/4-2.pdf	17.33MB
toshimaster	日野町都市計画マスタープラン	https://www.town.shiga-hino.lg.jp/0000006370.html	第4章 地域別構想2(3) (pdf サイズ：17.32MB)	https://www.town.shiga-hino.lg.jp/cmsfiles/contents/0000006/6370/4-3.pdf	17.32MB
toshimaster	日野町都市計画マスタープラン	https://www.town.shiga-hino.lg.jp/0000006370.html	第5章 まちづくりの推進方策(pdf サイズ：11.52MB)	https://www.town.shiga-hino.lg.jp/cmsfiles/contents/0000006/6370/5.pdf	11.52MB
toshimaster	日野町都市計画マスタープラン	https://www.town.shiga-hino.lg.jp/0000006370.html	概要版 (pdf サイズ：62.55MB)	https://www.town.shiga-hino.lg.jp/cmsfiles/contents/0000006/6370/gaiyouban.pdf	62.55MB
jyuseikatsu	日野町住生活基本計画	https://www.town.shiga-hino.lg.jp/0000007087.html	日野町住生活基本計画 (PDF形式、15.39MB)	https://www.town.shiga-hino.lg.jp/cmsfiles/contents/0000007/7087/zyuuseikatsu.pdf	15.39MB
jyutaku-choju	町営住宅長寿命化計画	https://www.town.shiga-hino.lg.jp/0000007086.html	＜概要版＞日野町町営住宅長寿命化計画 (PDF形式、1.16MB)	https://www.town.shiga-hino.lg.jp/cmsfiles/contents/0000007/7086/gaiyou.pdf	1.16MB
jyutaku-choju	町営住宅長寿命化計画	https://www.town.shiga-hino.lg.jp/0000007086.html	日野町町営住宅長寿命化計画(PDF形式、10.69MB)	https://www.town.shiga-hino.lg.jp/cmsfiles/contents/0000007/7086/c.pdf	10.69MB
shasi-jyutaku	社会資本総合整備計画（地域住宅整備計画）	https://www.town.shiga-hino.lg.jp/0000006557.html	事前評価チェックシート (PDF形式、5.07KB)	https://www.town.shiga-hino.lg.jp/cmsfiles/contents/0000006/6557/zizencyekkushito.pdf	5.07KB
shasi-jyutaku	社会資本総合整備計画（地域住宅整備計画）	https://www.town.shiga-hino.lg.jp/0000006557.html	日野町地域住宅計画 (PDF形式、212.53KB)	https://www.town.shiga-hino.lg.jp/cmsfiles/contents/0000006/6557/keikaku.pdf	212.53KB
shasi-jyutaku	社会資本総合整備計画（地域住宅整備計画）	https://www.town.shiga-hino.lg.jp/0000006557.html	日野町地域住宅計画位置図(PDF形式、113.53KB)	https://www.town.shiga-hino.lg.jp/cmsfiles/contents/0000006/6557/zumenn.pdf	113.53KB
shasi-jyutaku	社会資本総合整備計画（地域住宅整備計画）	https://www.town.shiga-hino.lg.jp/0000006557.html	社会資本総合整備計画 (PDF形式、8.86KB)	https://www.town.shiga-hino.lg.jp/cmsfiles/contents/0000006/6557/seibikeikaku.pdf	8.86KB
taishin	既存建築物耐震改修促進計画	https://www.town.shiga-hino.lg.jp/0000003390.html	日野町既存建築物耐震改修促進計画（改定版） (PDF形式、1.54MB)	https://www.town.shiga-hino.lg.jp/cmsfiles/contents/0000003/3390/hinotyoukeikaku.pdf	1.54MB
taishin	既存建築物耐震改修促進計画	https://www.town.shiga-hino.lg.jp/0000003390.html	日野町住宅耐震化緊急促進アクションプログラム2025 (PDF形式、215.88KB)	https://www.town.shiga-hino.lg.jp/cmsfiles/contents/0000003/3390/actionprogram2025.pdf	215.88KB
shasi-jishin	社会資本総合整備計画（地震災害に強い住まい・まちづくり）	https://www.town.shiga-hino.lg.jp/0000003327.html	整備計画滋賀県内における災害に強い住まい・まちづくり（防災・安全）(PDF形式、188.51KB)	https://www.town.shiga-hino.lg.jp/cmsfiles/contents/0000003/3327/0000598658.pdf	188.51KB
shasi-jishin	社会資本総合整備計画（地震災害に強い住まい・まちづくり）	https://www.town.shiga-hino.lg.jp/0000003327.html	整備計画滋賀県内における災害に強い住まい・まちづくり（防災・安全）.pdf （サイズ：3.59MB）	https://www.town.shiga-hino.lg.jp/cmsfiles/contents/0000003/3327/seibikeikaku4.pdf	3.59MB
shasi-jishin	社会資本総合整備計画（地震災害に強い住まい・まちづくり）	https://www.town.shiga-hino.lg.jp/0000003327.html	整備計画滋賀県内における地震災害に強い住まい・まちづくり（防災・安全） (PDF形式、216.54KB)	https://www.town.shiga-hino.lg.jp/cmsfiles/contents/0000003/3327/seibi3.pdf	216.54KB
shasi-jishin	社会資本総合整備計画（地震災害に強い住まい・まちづくり）	https://www.town.shiga-hino.lg.jp/0000003327.html	事後評価滋賀県内における地震災害に強い住まい・まちづくり（防災・安全） (PDF形式、200.41KB)	https://www.town.shiga-hino.lg.jp/cmsfiles/contents/0000003/3327/zigo723.pdf	200.41KB
shasi-koen	社会資本総合整備計画（安全で安心な都市公園づくり）	https://www.town.shiga-hino.lg.jp/0000004575.html	整備計画日野町安全で安心な都市公園づくり（防災・安全）.pdf サイズ：6.71KB)	https://www.town.shiga-hino.lg.jp/cmsfiles/contents/0000004/4575/seibikeikaku.pdf	6.71KB
shasi-koen	社会資本総合整備計画（安全で安心な都市公園づくり）	https://www.town.shiga-hino.lg.jp/0000004575.html	事前評価チェックシート日野町安全で安心な都市公園づくり（防災・安全）.pdf サイズ：3.30KB)	https://www.town.shiga-hino.lg.jp/cmsfiles/contents/0000004/4575/jizennhyouka.pdf	3.30KB
shasi-koen	社会資本総合整備計画（安全で安心な都市公園づくり）	https://www.town.shiga-hino.lg.jp/0000004575.html	事後評価書日野町安全で安心な都市公園づくり（防災・安全）.pdf（サイズ：14.31KB）	https://www.town.shiga-hino.lg.jp/cmsfiles/contents/0000004/4575/jigohyoukasho.pdf	14.31KB
shasi-koen	社会資本総合整備計画（安全で安心な都市公園づくり）	https://www.town.shiga-hino.lg.jp/0000004575.html	整備計画 (PDF形式、8.56KB)	https://www.town.shiga-hino.lg.jp/cmsfiles/contents/0000004/4575/R3syakaishihonseibikeikaku.pdf	8.56KB
shasi-koen	社会資本総合整備計画（安全で安心な都市公園づくり）	https://www.town.shiga-hino.lg.jp/0000004575.html	事前評価チェックシート (PDF形式、3.29KB)	https://www.town.shiga-hino.lg.jp/cmsfiles/contents/0000004/4575/R3jizenhyouka.pdf	3.29KB
koutsu	日野町地域公共交通計画	https://www.town.shiga-hino.lg.jp/0000007255.html	日野町地域公共交通計画（概要版） (PDF形式、803.01KB)	https://www.town.shiga-hino.lg.jp/cmsfiles/contents/0000007/7255/gaiyou.pdf	803.01KB
koutsu	日野町地域公共交通計画	https://www.town.shiga-hino.lg.jp/0000007255.html	日野町地域公共交通計画（一部改訂） (PDF形式、6.34MB)	https://www.town.shiga-hino.lg.jp/cmsfiles/contents/0000007/7255/koutsu.pdf	6.34MB
shasi-koutsu	社会資本総合整備計画（県東部の公共交通再構築）	https://www.town.shiga-hino.lg.jp/0000007948.html	社会資本総合整備計画県東部地域の公共交通再構築による拠点連携型「まちづくり」の実現 (PDF形式、295.24KB)	https://www.town.shiga-hino.lg.jp/cmsfiles/contents/0000007/7948/syakaishihon.pdf	295.24KB
shasi-koutsu	社会資本総合整備計画（県東部の公共交通再構築）	https://www.town.shiga-hino.lg.jp/0000007948.html	交付金の執行状況（令和6年度・令和7年度）(PDF形式、3.20KB)	https://www.town.shiga-hino.lg.jp/cmsfiles/contents/0000007/7948/R07shikkou.pdf	3.20KB
kyoryo	橋梁長寿命化修繕計画	https://www.town.shiga-hino.lg.jp/0000003608.html	橋梁長寿命化修繕計画(PDF形式、645.54KB)	https://www.town.shiga-hino.lg.jp/cmsfiles/contents/0000003/3608/tyoujumyoukakeikakuR6.4.pdf	645.54KB
kyoryo	橋梁長寿命化修繕計画	https://www.town.shiga-hino.lg.jp/0000003608.html	橋梁長寿命化修繕計画全編 (PDF形式、14.52MB)	https://www.town.shiga-hino.lg.jp/cmsfiles/contents/0000003/3608/keikaku.pdf	14.52MB
kyoryo	橋梁長寿命化修繕計画	https://www.town.shiga-hino.lg.jp/0000003608.html	橋梁点検結果 (PDF形式、155.08KB)	https://www.town.shiga-hino.lg.jp/cmsfiles/contents/0000003/3608/tenkenkekka202603.pdf	155.08KB
tsugakuro	通学路交通安全プログラム	https://www.town.shiga-hino.lg.jp/0000004863.html	日野町通学路等交通安全プログラム.pdf （サイズ：7.18MB)	https://www.town.shiga-hino.lg.jp/cmsfiles/contents/0000004/4863/tuupuro.pdf	7.18MB
kankyo	日野町環境基本計画	https://www.town.shiga-hino.lg.jp/0000008267.html	日野町環境基本計画 (PDF形式、11.77MB)	https://www.town.shiga-hino.lg.jp/cmsfiles/contents/0000008/8267/kankyoukeikaku.pdf	11.77MB
kankyo	日野町環境基本計画	https://www.town.shiga-hino.lg.jp/0000008267.html	日野町環境基本計画概要版 (PDF形式、1.13MB)	https://www.town.shiga-hino.lg.jp/cmsfiles/contents/0000008/8267/kankyoukeikakugaiyou.pdf	1.13MB
midori	日野町緑の基本計画	https://www.town.shiga-hino.lg.jp/0000008540.html	日野町緑の基本計画 (PDF形式、6.52MB)	https://www.town.shiga-hino.lg.jp/cmsfiles/contents/0000008/8540/midorinokihonkeikaku.pdf	6.52MB
midori	日野町緑の基本計画	https://www.town.shiga-hino.lg.jp/0000008540.html	日野町緑の基本計画（概要版）(PDF形式、1.29MB)	https://www.town.shiga-hino.lg.jp/cmsfiles/contents/0000008/8540/gaiyouban.pdf	1.29MB
bunbetsu	分別収集計画（第11期）	https://www.town.shiga-hino.lg.jp/0000008347.html	日野町分別収集計画（第11期） (PDF形式、386.77KB)	https://www.town.shiga-hino.lg.jp/cmsfiles/contents/0000008/8347/kankyou.pdf	386.77KB
kaigo9	第9期 高齢者福祉計画・介護保険事業計画	https://www.town.shiga-hino.lg.jp/0000007687.html	日野町高齢者福祉計画・介護保険事業計画書 (PDF形式、2.41MB)	https://www.town.shiga-hino.lg.jp/cmsfiles/contents/0000007/7687/honpen.pdf	2.41MB
kaigo9	第9期 高齢者福祉計画・介護保険事業計画	https://www.town.shiga-hino.lg.jp/0000007687.html	日野町高齢者福祉計画・介護保険事業計画概要版 (PDF形式、4.10MB)	https://www.town.shiga-hino.lg.jp/cmsfiles/contents/0000007/7687/gaiyouban.pdf	4.10MB
shogai-keikaku	第3期 日野町障がい者計画	https://www.town.shiga-hino.lg.jp/0000004126.html	第3期日野町障がい者計画(PDF形式、1.85MB)	https://www.town.shiga-hino.lg.jp/cmsfiles/contents/0000004/4126/keikaku1.pdf	1.85MB
shogai-keikaku	第3期 日野町障がい者計画	https://www.town.shiga-hino.lg.jp/0000004126.html	第7期日野町障がい福祉計画・第3期日野町障がい児福祉計画(PDF形式、1.59MB)	https://www.town.shiga-hino.lg.jp/cmsfiles/contents/0000004/4126/keikaku2.pdf	1.59MB
shogai-keikaku	第3期 日野町障がい者計画	https://www.town.shiga-hino.lg.jp/0000004126.html	第3期日野町障がい者計画・第7期日野町障がい福祉計画・第3期日野町障がい児福祉計画概要版(PDF形式、2.72MB)	https://www.town.shiga-hino.lg.jp/cmsfiles/contents/0000004/4126/keikaku3.pdf	2.72MB
shogai-fukushi7	第7期 障がい福祉計画・第3期 障がい児福祉計画	https://www.town.shiga-hino.lg.jp/0000004126.html	第3期日野町障がい者計画(PDF形式、1.85MB)	https://www.town.shiga-hino.lg.jp/cmsfiles/contents/0000004/4126/keikaku1.pdf	1.85MB
shogai-fukushi7	第7期 障がい福祉計画・第3期 障がい児福祉計画	https://www.town.shiga-hino.lg.jp/0000004126.html	第7期日野町障がい福祉計画・第3期日野町障がい児福祉計画(PDF形式、1.59MB)	https://www.town.shiga-hino.lg.jp/cmsfiles/contents/0000004/4126/keikaku2.pdf	1.59MB
shogai-fukushi7	第7期 障がい福祉計画・第3期 障がい児福祉計画	https://www.town.shiga-hino.lg.jp/0000004126.html	第3期日野町障がい者計画・第7期日野町障がい福祉計画・第3期日野町障がい児福祉計画概要版(PDF形式、2.72MB)	https://www.town.shiga-hino.lg.jp/cmsfiles/contents/0000004/4126/keikaku3.pdf	2.72MB
chiiki-fukushi4	日野町地域福祉計画（第4期）	https://www.town.shiga-hino.lg.jp/0000005894.html	計画の概要①.pdf(サイズ：1.41MB)	https://www.town.shiga-hino.lg.jp/cmsfiles/contents/0000005/5894/gaiyou1.pdf	1.41MB
chiiki-fukushi4	日野町地域福祉計画（第4期）	https://www.town.shiga-hino.lg.jp/0000005894.html	計画の概要②.pdf(サイズ：1.02MB)	https://www.town.shiga-hino.lg.jp/cmsfiles/contents/0000005/5894/gaiyou2.pdf	1.02MB
chiiki-fukushi4	日野町地域福祉計画（第4期）	https://www.town.shiga-hino.lg.jp/0000005894.html	計画全文.pdf(サイズ：1.88MB)	https://www.town.shiga-hino.lg.jp/cmsfiles/contents/0000005/5894/plan.pdf	1.88MB
kenko-shokuiku4	健康づくり・食育計画（第4期）	https://www.town.shiga-hino.lg.jp/0000005873.html	日野町健康づくり・食育計画（第4期）(pdf サイズ：3.35MB)	https://www.town.shiga-hino.lg.jp/cmsfiles/contents/0000005/5873/keikaku.pdf	3.35MB
kenko-shokuiku4	健康づくり・食育計画（第4期）	https://www.town.shiga-hino.lg.jp/0000005873.html	日野町健康づくり・食育計画（第4期）概要版(pdf サイズ：7.57MB)	https://www.town.shiga-hino.lg.jp/cmsfiles/contents/0000005/5873/keikakugaiyoubann.pdf	7.57MB
inochi2	第2期 いのちと生活を守るネットワーク計画	https://www.town.shiga-hino.lg.jp/0000007615.html	日野町いのちと生活を守るネットワーク計画 (PDF形式、2.06MB)	https://www.town.shiga-hino.lg.jp/cmsfiles/contents/0000007/7615/1.pdf	2.06MB
katsuyaku-cho	障がい者活躍推進計画（町長部局）	https://www.town.shiga-hino.lg.jp/0000004894.html	日野町障がい者活躍推進計画（町長部局） .pdf(PDF形式、145.53KB)	https://www.town.shiga-hino.lg.jp/cmsfiles/contents/0000004/4894/katsuyakusuishincho.pdf	145.53KB
katsuyaku-kyo	障がい者活躍推進計画（教育委員会部局）	https://www.town.shiga-hino.lg.jp/0000004902.html	日野町障がい者活躍推進計画（教育委員会部局） (PDF形式、148.35KB)	https://www.town.shiga-hino.lg.jp/cmsfiles/contents/0000004/4902/suisinkeikaku_kyoui.pdf	148.35KB
kyoiku4	第4期 日野町教育振興基本計画	https://www.town.shiga-hino.lg.jp/0000008163.html	第4期 日野町教育振興基本計画（表紙・目次）(PDF形式、167.68KB)	https://www.town.shiga-hino.lg.jp/cmsfiles/contents/0000008/8163/shikoukihon_4h.pdf	167.68KB
kyoiku4	第4期 日野町教育振興基本計画	https://www.town.shiga-hino.lg.jp/0000008163.html	第4期 日野町教育振興基本計画（本文） (PDF形式、1.03MB)	https://www.town.shiga-hino.lg.jp/cmsfiles/contents/0000008/8163/shikoukihon_4m.pdf	1.03MB
kyoiku3	第3期 日野町教育振興基本計画	https://www.town.shiga-hino.lg.jp/0000005265.html	第3期 日野町教育振興基本計画	https://www.town.shiga-hino.lg.jp/cmsfiles/contents/0000005/5265/dai3ki(2020).pdf	
kodomo	第3期 日野町子ども・子育て支援事業計画	https://www.town.shiga-hino.lg.jp/0000005154.html	第3期日野町子ども・子育て支援事業計画 (PDF形式、3.23MB)	https://www.town.shiga-hino.lg.jp/cmsfiles/contents/0000005/5154/3keikaku.pdf	3.23MB
kodomo	第3期 日野町子ども・子育て支援事業計画	https://www.town.shiga-hino.lg.jp/0000005154.html	第3期日野町子ども・子育て支援事業計画（概要版） (PDF形式、1.93MB)	https://www.town.shiga-hino.lg.jp/cmsfiles/contents/0000005/5154/gaiyou.pdf	1.93MB
youho	幼児教育保育施設再編整備計画	https://www.town.shiga-hino.lg.jp/0000008225.html	日野町幼児教育保育施設再編整備計画 (PDF形式、3.58MB)	https://www.town.shiga-hino.lg.jp/cmsfiles/contents/0000008/8225/syuusei.pdf	3.58MB
bunkazai	日野町文化財保存活用地域計画	https://www.town.shiga-hino.lg.jp/0000008039.html	表紙・目次 (PDF形式、389.11KB)	https://www.town.shiga-hino.lg.jp/cmsfiles/contents/0000008/8039/hino-bunkazaikeikaku_00.pdf	389.11KB
bunkazai	日野町文化財保存活用地域計画	https://www.town.shiga-hino.lg.jp/0000008039.html	序章 はじめに (PDF形式、5.10MB)	https://www.town.shiga-hino.lg.jp/cmsfiles/contents/0000008/8039/hino-bunkazaikeikaku_10.pdf	5.10MB
bunkazai	日野町文化財保存活用地域計画	https://www.town.shiga-hino.lg.jp/0000008039.html	第1章 日野町の概要 (PDF形式、10.24MB)	https://www.town.shiga-hino.lg.jp/cmsfiles/contents/0000008/8039/hino-bunkazaikeikaku_11.pdf	10.24MB
bunkazai	日野町文化財保存活用地域計画	https://www.town.shiga-hino.lg.jp/0000008039.html	第2章 日野町の文化財 (PDF形式、9.74MB)	https://www.town.shiga-hino.lg.jp/cmsfiles/contents/0000008/8039/hino-bunkazaikeikaku_12.pdf	9.74MB
bunkazai	日野町文化財保存活用地域計画	https://www.town.shiga-hino.lg.jp/0000008039.html	第3章 日野町の歴史文化の特性 (PDF形式、2.96MB)	https://www.town.shiga-hino.lg.jp/cmsfiles/contents/0000008/8039/hino-bunkazaikeikaku_13.pdf	2.96MB
bunkazai	日野町文化財保存活用地域計画	https://www.town.shiga-hino.lg.jp/0000008039.html	第4章 文化財(日野の"たから")に関する既往の取組 (PDF形式、4.05MB)	https://www.town.shiga-hino.lg.jp/cmsfiles/contents/0000008/8039/hino-bunkazaikeikaku_14.pdf	4.05MB
bunkazai	日野町文化財保存活用地域計画	https://www.town.shiga-hino.lg.jp/0000008039.html	第5章 文化財(日野の"たから")の保存・活用の将来像 (PDF形式、1.39MB)	https://www.town.shiga-hino.lg.jp/cmsfiles/contents/0000008/8039/hino-bunkazaikeikaku_15.pdf	1.39MB
bunkazai	日野町文化財保存活用地域計画	https://www.town.shiga-hino.lg.jp/0000008039.html	第6章 文化財の保存・活用に関する課題と方針 (PDF形式、1.08MB)	https://www.town.shiga-hino.lg.jp/cmsfiles/contents/0000008/8039/hino-bunkazaikeikaku_16.pdf	1.08MB
bunkazai	日野町文化財保存活用地域計画	https://www.town.shiga-hino.lg.jp/0000008039.html	第7章 文化財の保存・活用の措置 (PDF形式、1.46MB)	https://www.town.shiga-hino.lg.jp/cmsfiles/contents/0000008/8039/hino-bunkazaikeikaku_17.pdf	1.46MB
bunkazai	日野町文化財保存活用地域計画	https://www.town.shiga-hino.lg.jp/0000008039.html	第8章 文化財の保存・活用の推進体制 (PDF形式、2.20MB)	https://www.town.shiga-hino.lg.jp/cmsfiles/contents/0000008/8039/hino-bunkazaikeikaku_18.pdf	2.20MB
bunkazai	日野町文化財保存活用地域計画	https://www.town.shiga-hino.lg.jp/0000008039.html	資料編 (PDF形式、4.00MB)	https://www.town.shiga-hino.lg.jp/cmsfiles/contents/0000008/8039/hino-bunkazaikeikaku_20.pdf	4.00MB
bunkazai	日野町文化財保存活用地域計画	https://www.town.shiga-hino.lg.jp/0000008039.html	報道発表資料 (PDF形式、2.06MB)	https://www.town.shiga-hino.lg.jp/cmsfiles/contents/0000008/8039/hino-bunkazaikeikaku_ppt.pdf	2.06MB
bosai	日野町地域防災計画	https://www.town.shiga-hino.lg.jp/0000003126.html	日野町地域防災計画（地震災害対策・風水害対策編）(PDF形式、5.51MB)	https://www.town.shiga-hino.lg.jp/cmsfiles/contents/0000003/3126/r5tiikibousaikeikaku(zisinn.huusuigai).pdf	5.51MB
bosai	日野町地域防災計画	https://www.town.shiga-hino.lg.jp/0000003126.html	日野町地域防災計画（原子力災害対策編)(PDF形式、1.32MB)	https://www.town.shiga-hino.lg.jp/cmsfiles/contents/0000003/3126/r5tiikibousaikeikaku(gennsiryokusaigai).pdf	1.32MB
kyojin	日野町国土強靭化地域計画	https://www.town.shiga-hino.lg.jp/0000005150.html	日野町国土強靭化地域計画（令和6年度策定） (PDF形式、1.43MB)	https://www.town.shiga-hino.lg.jp/cmsfiles/contents/0000005/5150/hino_kokudo_R7.3.pdf	1.43MB
kyojin	日野町国土強靭化地域計画	https://www.town.shiga-hino.lg.jp/0000005150.html	日野町国土強靭化地域計画（令和2年6月策定） (PDF形式、1.44MB)	https://www.town.shiga-hino.lg.jp/cmsfiles/contents/0000005/5150/kokudokyoujinnkatiikikeikaku.pdf	1.44MB
kokyo-kanri	日野町公共施設等総合管理計画（改定）	https://www.town.shiga-hino.lg.jp/0000003748.html	「日野町公共施設等総合管理計画」 (令和4年3月改定版)	https://www.town.shiga-hino.lg.jp/cmsfiles/contents/0000003/3748/sisetukanrikeikaku.pdf	
suido2	第2次日野町水道ビジョン	https://www.town.shiga-hino.lg.jp/0000005590.html	第2次日野町水道ビジョン (.pdf サイズ：2.80MB)	https://www.town.shiga-hino.lg.jp/cmsfiles/contents/0000005/5590/dainizisuidoubizyonn.pdf	2.80MB
security	日野町情報セキュリティポリシー	https://www.town.shiga-hino.lg.jp/0000008676.html	日野町情報セキュリティポリシー.PDF（499.88KB）	https://www.town.shiga-hino.lg.jp/cmsfiles/contents/0000008/8676/20260318_securitypolicy.pdf	499.88KB
tokutei-jigyo	特定事業主行動計画	https://www.town.shiga-hino.lg.jp/0000003356.html	特定事業主行動計画.pdf(PDF形式、211.53KB)	https://www.town.shiga-hino.lg.jp/cmsfiles/contents/0000003/3356/koudoukeikaku.pdf	211.53KB
tokutei-jigyo	特定事業主行動計画	https://www.town.shiga-hino.lg.jp/0000003356.html	特定事業主行動計画の数値目標に係る進捗状況.pdf(PDF形式、36.94KB)	https://www.town.shiga-hino.lg.jp/cmsfiles/contents/0000003/3356/sincyokuR6.pdf	36.94KB
tokutei-jigyo	特定事業主行動計画	https://www.town.shiga-hino.lg.jp/0000003356.html	女性の職業選択に資する情報（H28.7）.pdf（125.15KB）	https://www.town.shiga-hino.lg.jp/cmsfiles/contents/0000003/3356/H28-houdai17joukouhyou.pdf	125.15KB
tokutei-jigyo	特定事業主行動計画	https://www.town.shiga-hino.lg.jp/0000003356.html	女性の職業選択に資する情報（H29.7）.pdf（128.32KB）	https://www.town.shiga-hino.lg.jp/cmsfiles/contents/0000003/3356/H29-houdai17jou1.pdf	128.32KB
tokutei-jigyo	特定事業主行動計画	https://www.town.shiga-hino.lg.jp/0000003356.html	女性の職業選択に資する情報（H30.7）.pdf（128.33KB）	https://www.town.shiga-hino.lg.jp/cmsfiles/contents/0000003/3356/H30-houdai17jou1.pdf	128.33KB
tokutei-jigyo	特定事業主行動計画	https://www.town.shiga-hino.lg.jp/0000003356.html	女性の職業選択に資する情報（R1.7）.pdf（135.35KB）	https://www.town.shiga-hino.lg.jp/cmsfiles/contents/0000003/3356/R01-houdai17jou.pdf	135.35KB
tokutei-jigyo	特定事業主行動計画	https://www.town.shiga-hino.lg.jp/0000003356.html	女性の職業選択に資する情報（R2.7）.pdf（244.97KB）	https://www.town.shiga-hino.lg.jp/cmsfiles/contents/0000003/3356/R2-houdai21jou.pdf	244.97KB
tokutei-jigyo	特定事業主行動計画	https://www.town.shiga-hino.lg.jp/0000003356.html	女性の職業選択に資する情報（R3.7）.pdf（245.04KB）	https://www.town.shiga-hino.lg.jp/cmsfiles/contents/0000003/3356/R3-21jou.pdf	245.04KB
tokutei-jigyo	特定事業主行動計画	https://www.town.shiga-hino.lg.jp/0000003356.html	女性の職業選択に資する情報（R4.7）.pdf（234.39KB)	https://www.town.shiga-hino.lg.jp/cmsfiles/contents/0000003/3356/R4-21jou.pdf	234.39KB
tokutei-jigyo	特定事業主行動計画	https://www.town.shiga-hino.lg.jp/0000003356.html	女性の職業選択に資する情報（R5.6）.pdf (266.89KB)	https://www.town.shiga-hino.lg.jp/cmsfiles/contents/0000003/3356/21jouR5.pdf	266.89KB
tokutei-jigyo	特定事業主行動計画	https://www.town.shiga-hino.lg.jp/0000003356.html	女性の職業選択に資する情報（R6.6）.pdf(265.45KB)	https://www.town.shiga-hino.lg.jp/cmsfiles/contents/0000003/3356/21jouR6.pdf	265.45KB
tokutei-jigyo	特定事業主行動計画	https://www.town.shiga-hino.lg.jp/0000003356.html	女性の職業選択に資する情報（R7.6）.pdf(109.69KB)	https://www.town.shiga-hino.lg.jp/cmsfiles/contents/0000003/3356/21jouR7.pdf	109.69KB
tokutei-jigyo	特定事業主行動計画	https://www.town.shiga-hino.lg.jp/0000003356.html	女性の職業選択に資する情報（R8.7）.pdf (159.04KB)	https://www.town.shiga-hino.lg.jp/cmsfiles/contents/0000003/3356/21jouR8.pdf	159.04KB
nogyo-tamen	農業の有する多面的機能の発揮の促進に関する計画	https://www.town.shiga-hino.lg.jp/0000008911.html	農業の有する多面的機能の発揮の促進に関する計画(PDF形式、178.03KB)	https://www.town.shiga-hino.lg.jp/cmsfiles/contents/0000008/8911/nougyouniyuusuru.pdf	178.03KB
nogyo-tamen	農業の有する多面的機能の発揮の促進に関する計画	https://www.town.shiga-hino.lg.jp/0000008911.html	別紙「区域図（1号事業_3号事業）」.pdf（サイズ：6.58MB)	https://www.town.shiga-hino.lg.jp/cmsfiles/contents/0000008/8911/bessikuikizu1gou3gou.pdf	6.58MB
nogyo-tamen	農業の有する多面的機能の発揮の促進に関する計画	https://www.town.shiga-hino.lg.jp/0000008911.html	別紙「区域図（2号事業）」.pdf（サイズ：853.06KB)	https://www.town.shiga-hino.lg.jp/cmsfiles/contents/0000008/8911/bessikuikizu2gou.pdf	853.06KB
nogyo-tamen	農業の有する多面的機能の発揮の促進に関する計画	https://www.town.shiga-hino.lg.jp/0000008911.html	多面的機能発揮促進事業に関する計画の概要：令和5年度(PDF形式、407.47KB)	https://www.town.shiga-hino.lg.jp/cmsfiles/contents/0000008/8911/marugoto(R5).pdf	407.47KB
nogyo-tamen	農業の有する多面的機能の発揮の促進に関する計画	https://www.town.shiga-hino.lg.jp/0000008911.html	多面的機能発揮促進事業に関する計画の概要：令和6年度(PDF形式、437.39KB)	https://www.town.shiga-hino.lg.jp/cmsfiles/contents/0000008/8911/marugoto(R6).pdf	437.39KB
nogyo-tamen	農業の有する多面的機能の発揮の促進に関する計画	https://www.town.shiga-hino.lg.jp/0000008911.html	多面的機能発揮促進事業に関する計画の概要：令和7年度(PDF形式、549.46KB)	https://www.town.shiga-hino.lg.jp/cmsfiles/contents/0000008/8911/marugoto(R7).pdf	549.46KB
nogyo-tamen	農業の有する多面的機能の発揮の促進に関する計画	https://www.town.shiga-hino.lg.jp/0000008911.html	多面的機能発揮促進事業に関する計画の概要：令和8年度 (PDF形式、413.83KB)	https://www.town.shiga-hino.lg.jp/cmsfiles/contents/0000008/8911/marugoto(R8).pdf	413.83KB
nogyo-tamen	農業の有する多面的機能の発揮の促進に関する計画	https://www.town.shiga-hino.lg.jp/0000008911.html	多面的機能発揮促進事業に関する計画の概要：令和7年度(PDF形式、436.03KB) (PDF形式、436.03KB)	https://www.town.shiga-hino.lg.jp/cmsfiles/contents/0000008/8911/2(R7).pdf	436.03KB
nogyo-tamen	農業の有する多面的機能の発揮の促進に関する計画	https://www.town.shiga-hino.lg.jp/0000008911.html	多面的機能発揮促進事業に関する計画の概要：令和7年度(PDF形式、57.99KB)	https://www.town.shiga-hino.lg.jp/cmsfiles/contents/0000008/8911/3(R7).pdf	57.99KB
shinrin	日野町森林整備計画	https://www.town.shiga-hino.lg.jp/0000008410.html	日野町森林整備計画(PDF形式、2.78MB)	https://www.town.shiga-hino.lg.jp/cmsfiles/contents/0000008/8410/hinotyousinnrinnseibikeikaku(R5.4.1).pdf	2.78MB
seibutsu	農業における生物多様性保全に関する計画	https://www.town.shiga-hino.lg.jp/0000003301.html	日野町農業における生物多様性保全に関する計画(サイズ：195.51KB)	https://www.town.shiga-hino.lg.jp/cmsfiles/contents/0000003/3301/tayouseihozonn-keikaku.pdf	195.51KB
